DicTerm,DAV,IAV,SV
abandon,,X,
abandoned,,X,
abandoning,,X,
abandons,,X,
abhor,,,X
abhorred,,,X
abhorring,,,X
abhors,,,X
absorb,X,,
absorbed,X,,
absorbing,X,,
absorbs,X,,
abuse,,X,
abused,,X,
abuses,,X,
abusing,,X,
accede,,X,
acceded,,X,
accedes,,X,
acceding,,X,
accelerate,X,,
accelerated,X,,
accelerates,X,,
accelerating,X,,
accentuate,,X,
accentuated,,X,
accentuates,,X,
accentuating,,X,
accept,,X,
accepted,,X,
accepting,,X,
accepts,,X,
accommodate,,X,
accommodated,,X,
accommodates,,X,
accommodating,,X,
accompanied,X,,
accompanies,X,,
accompany,X,,
accompanying,X,,
accomplish,,X,
accomplished,,X,
accomplishes,,X,
accomplishing,,X,
accord,,X,
accorded,,X,
according,,X,
accords,,X,
account,,X,
accounted,,X,
accounting,,X,
accounts,,X,
accumulate,X,,
accumulated,X,,
accumulates,X,,
accumulating,X,,
accuse,,X,
accused,,X,
accuses,,X,
accusing,,X,
accustom,,X,
accustomed,,X,
accustoming,,X,
accustoms,,X,
ache,,,X
ached,,,X
aches,,,X
achieve,,X,
achieved,,X,
achieves,,X,
achieving,,X,
aching,,,X
acknowledge,,X,
acknowledged,,X,
acknowledges,,X,
acknowledging,,X,
acquaint,,X,
acquainted,,X,
acquainting,,X,
acquaints,,X,
acquire,X,,
acquired,X,,
acquires,X,,
acquiring,X,,
act,X,,
acted,X,,
acting,X,,
acts,X,,
adapt,,X,
adapted,,X,
adapting,,X,
adapts,,X,
add,X,,
added,X,,
addict,,X,
addicted,,X,
addicting,,X,
addicts,,X,
adding,X,,
address,,X,
addressed,,X,
addresses,,X,
addressing,,X,
adds,X,,
adhere,,X,
adhered,,X,
adheres,,X,
adhering,,X,
adjusts,,X,
administer,,X,
admire,,,X
admired,,,X
admires,,,X
admiring,,,X
admit,,X,
admits,,X,
admitted,,X,
admitting,X,,
admonish,,X,
adopt,,X,
adopting,,X,
adopts,,X,
adore,,,X
adored,,,X
adores,,,X
adoring,,,X
adorn,,X,
adulterate,,X,
advance,,X,
advanced,,X,
advances,,X,
advancing,,X,
advise,,X,
advised,,X,
advises,,X,
advising,,X,
advocate,,X,
affect,,X,
affected,,X,
affecting,,X,
affects,,X,
affiliate,,X,
affirm,,X,
afflict,,X,
afford,,X,
afforded,,X,
affording,,X,
affords,,X,
age,,X,
aged,,X,
ages,,X,
aggravate,,X,
aging,,X,
agitate,,X,
agonize,,,X
agonized,,,X
agonizes,,,X
agonizing,,,X
agree,,X,
agreed,,X,
agreeing,,X,
agrees,,X,
aid,,X,
aided,,X,
aiding,,X,
aids,,X,
aim,X,,
aimed,X,,
aiming,X,,
aims,X,,
air,,X,
alarm,,X,
alert,,X,
alerted,,X,
alerting,,X,
alerts,,X,
alienate,,X,
alight,X,,
alighted,X,,
alighting,X,,
alights,X,,
allege,,X,
alleviate,,X,
allied,,X,
allot,,X,
allow,,X,
allowed,,X,
allowing,,X,
allows,,X,
ally,,X,
along,,X,
alter,,X,
altering,,X,
alternate,,X,
alters,,X,
amaze,,,X
amazed,,,X
amazes,,,X
amazing,,,X
amble,X,,
ambled,X,,
ambles,X,,
ambling,X,,
ambush,,X,
ameliorate,,X,
amend,,X,
amended,,X,
amending,,X,
amends,,X,
amount,,X,
amplified,X,,
amplifies,X,,
amplify,X,,
amplifying,X,,
amputate,,X,
amuse,,,X
amused,,,X
amuses,,,X
amusing,,,X
analyze,,X,
analyzed,,X,
analyzes,,X,
analyzing,,X,
anchor,,X,
anger,,,X
angered,,,X
angering,,,X
angers,,,X
annihilate,,X,
announce,X,,
announced,X,,
announces,X,,
announcing,X,,
annoy,,X,
annoyed,,X,
annoying,,X,
annoys,,X,
answer,,X,
answered,,X,
answering,,X,
answers,,X,
antagonize,,X,
anticipate,,,X
anticipated,,,X
anticipates,,,X
anticipating,,,X
apologize,,X,
apologized,,X,
apologizes,,X,
apologizing,,X,
appall,,,X
appeal,,X,
appealed,,X,
appealing,,X,
appeals,,X,
appear,X,,
appeared,,X,
appearing,,X,
appears,,X,
appease,,X,
appeased,,X,
appeases,,X,
appeasing,,X,
applaud,X,,
applauded,X,,
applauding,X,,
applauds,X,,
applied,X,,
applies,,X,
apply,,X,
applying,,X,
appoint,X,,
appointed,X,,
appointing,X,,
appoints,X,,
appreciate,,,X
appreciated,,,X
appreciates,,,X
appreciating,,,X
approach,X,,
approached,X,,
approaches,X,,
approaching,X,,
appropriate,,X,
approve,,X,
approved,,X,
approves,,X,
approving,,X,
arbitrate,,X,
are,,,X
argue,,X,
argued,X,,
argues,X,,
arguing,X,,
arise,X,,
arisen,X,,
arises,X,,
arising,X,,
arm,,X,
armed,,X,
arose,X,,
arrange,,X,
arranged,,X,
arranges,,X,
arranging,,X,
arrest,X,,
arrested,X,,
arresting,X,,
arrests,X,,
arrive,X,,
arrived,X,,
arrives,,X,
arriving,,X,
art,,,X
articulate,,X,
articulated,,X,
articulates,,X,
articulating,,X,
ascertain,,X,
ascribe,,X,
ask,X,,
asked,X,,
asking,X,,
asks,X,,
aspire,,,X
aspired,,,X
aspires,,,X
aspiring,,,X
assail,,X,
assassinate,,X,
assault,,X,
assaulted,,X,
assaulting,,X,
assaults,,X,
assert,,X,
assign,X,,
assigned,X,,
assigning,X,,
assigns,X,,
assimilate,,X,
assist,,X,
assisted,,X,
assisting,,X,
assists,,X,
associate,,X,
associated,,X,
associates,,X,
associating,,X,
assuage,,X,
assuaged,,X,
assuages,,X,
assuaging,,X,
assume,,X,
assumed,,X,
assumes,,X,
assuming,,X,
assure,,X,
assured,,X,
assures,,X,
assuring,,X,
astonish,,,X
astonished,,,X
astonishes,,,X
astonishing,,,X
astound,,,X
astounded,,,X
astounding,,,X
astounds,,,X
ate,X,,
atrophy,,X,
attach,,X,
attached,,X,
attaches,,X,
attaching,,X,
attack,,X,
attacked,,X,
attacking,,X,
attacks,,X,
attain,,X,
attained,,X,
attaining,,X,
attains,,X,
attempt,,X,
attempted,,X,
attempting,,X,
attempts,,X,
attend,X,,
attended,,X,
attending,X,,
attends,X,,
attest,,X,
attract,,X,
attracted,,X,
attracting,,X,
attracts,,X,
attribute,,X,
audition,X,,
auditioned,X,,
auditioning,X,,
auditions,X,,
augment,,X,
authorize,,X,
avail,,X,
average,,X,
avert,,X,
avoid,,X,
avoided,,X,
avoiding,,X,
avoids,,X,
await,,X,
awaited,,X,
awaiting,,X,
awaits,,X,
awake,X,,
awaken,X,,
awakened,X,,
awakening,X,,
awakens,X,,
awakes,X,,
awaking,X,,
award,,X,
awarded,,X,
awarding,,X,
awards,,X,
awoke,X,,
awoken,X,,
babysat,X,,
babysit,X,,
babysits,X,,
babysitting,X,,
back,,X,
backed,,X,
backing,,X,
backs,,X,
bail,,X,
bait,X,,
baited,X,,
baiting,X,,
baits,X,,
bake,X,,
baked,X,,
bakes,X,,
baking,X,,
balance,,X,
balanced,,X,
balances,,X,
balancing,,X,
balk,,X,
ban,,X,
band,,X,
bang,X,,
banged,X,,
banging,X,,
bangs,X,,
banish,,X,
bank,,X,
banned,,X,
banning,,X,
bans,,X,
banter,,X,
bare,,X,
bared,,X,
bares,,X,
barf,,X,
barfed,,X,
barfing,,X,
barfs,,X,
bargain,,X,
baring,,X,
bark,X,,
barked,X,,
barking,X,,
barks,X,,
base,,X,
based,,X,
bases,,X,
basing,,X,
bat,X,,
batches,X,,
bathe,X,,
bathed,X,,
bathes,X,,
bathing,X,,
bats,X,,
batted,X,,
batting,X,,
battle,,X,
battled,,X,
battles,,X,
battling,,X,
beam,X,,
beamed,X,,
beaming,X,,
beams,X,,
bear,,X,
bearing,,X,
bears,,X,
beat,X,,
beaten,X,,
beating,X,,
beats,X,,
beautify,,X,
became,,,X
becomes,,X,
becoming,,X,
befit,,X,
befriend,,X,
befriended,,X,
befriending,,X,
befriends,,X,
beg,,X,
began,,X,
begged,,X,
begging,,X,
begin,,X,
beginning,,X,
begins,,X,
begs,,X,
begun,,X,
behave,,X,
behaved,,X,
behaves,,X,
behaving,,X,
being,,,X
belie,,X,
believe,,,X
believed,,,X
believes,,,X
believing,,,X
belittle,,X,
belong,,,X
belonged,,,X
belonging,,,X
belongs,,,X
belt,,X,
bend,X,,
bending,X,,
bends,X,,
benefit,,X,
benefiting,,X,
benefits,,X,
bent,X,,
bents,X,,
bereave,,X,
bereaved,,X,
bereaves,,X,
bereaving,,X,
beseech,,X,
besiege,,X,
bestow,,X,
bestowed,,X,
bestowing,,X,
bestows,,X,
bet,X,,
betray,,,X
betrayed,,,X
betraying,,,X
betrays,,,X
betroth,,X,
bets,X,,
betted,X,,
better,,X,
bettered,,X,
bettering,,X,
betters,,X,
betting,X,,
beware,,X,
bewilder,,,X
bewildered,,,X
bewildering,,,X
bewilders,,,X
bias,,,X
biased,,,X
biases,,,X
biasing,,,X
bid,X,,
bide,,X,
bided,,X,
bides,,X,
biding,,X,
bids,X,,
bind,X,,
binding,X,,
binds,X,,
bit,X,,
bitch,X,,
bitched,X,,
bitching,X,,
bite,X,,
bites,X,,
biting,X,,
bitten,X,,
black,,X,
blackmail,,X,
blame,,X,
blamed,,X,
blames,,X,
blaming,,X,
blare,X,,
blared,X,,
blares,X,,
blaring,X,,
blast,,X,
blaze,X,,
blazed,X,,
blazes,X,,
blazing,X,,
bleach,,X,
bleached,,X,
bleaches,,X,
bleaching,,X,
bled,X,,
bleed,X,,
bleeding,X,,
bleeds,X,,
blend,,X,
blended,,X,
blending,,X,
blends,,X,
bless,,X,
blessed,,X,
blesses,,X,
blessing,,X,
blew,X,,
blind,X,,
blinded,X,,
blinding,X,,
blinds,X,,
blink,X,,
blinked,X,,
blinking,X,,
blinks,X,,
block,X,,
blocked,X,,
blocking,X,,
blocks,X,,
bloom,,X,
blossom,,X,
blot,,X,
blots,,X,
blotted,,X,
blotting,X,,
blow,,X,
blowing,X,,
blown,X,,
blows,X,,
blur,,X,
blurred,,X,
blurring,,X,
blurs,,X,
blurt,,X,
blush,X,,
blushed,X,,
blushes,X,,
blushing,X,,
board,X,,
boarded,X,,
boarding,X,,
boards,X,,
boast,,X,
boasted,,X,
boasting,,X,
boasts,,X,
boil,X,,
boiled,X,,
boiling,X,,
boils,X,,
bolster,,X,
bolt,X,,
bolted,X,,
bolts,X,,
bomb,X,,
bombard,X,,
bombarded,X,,
bombarding,X,,
bombards,X,,
bombed,X,,
bombing,X,,
bombs,X,,
bond,,X,
bonded,,X,
bonding,,X,
bonds,,X,
book,X,,
booked,X,,
booking,X,,
books,X,,
boost,,X,
boot,,X,
border,,X,
bore,,X,
bored,,,X
bores,,,X
boring,,,X
born,,X,
borne,,X,
borrow,,X,
borrowed,,X,
borrowing,,X,
borrows,,X,
bother,,X,
bothered,,X,
bothering,,X,
bothers,,X,
bought,,,X
bounce,X,,
bounced,X,,
bounces,X,,
bouncing,X,,
bound,X,,
bow,X,,
bowed,X,,
bowing,X,,
bowl,,X,
bows,X,,
box,X,,
boxed,X,,
boxes,X,,
boxing,X,,
boycott,,X,
brace,,X,
brag,,X,
brake,X,,
braked,X,,
brakes,X,,
braking,X,,
branch,,X,
branched,,X,
branches,,X,
branching,,X,
brand,,X,
brandish,,X,
brawl,,X,
breach,,X,
break,,X,
breakdown,,X,
breaking,X,,
breaks,X,,
breathe,X,,
breathed,X,,
breathes,X,,
breathing,X,,
bred,X,,
breed,X,,
breeding,X,,
breeds,X,,
bribe,,X,
bridge,,X,
brighten,,X,
brightened,,X,
brightening,,X,
brightens,,X,
bring,,X,
bringing,X,,
brings,X,,
bristle,,X,
broadcast,X,,
broadcasted,X,,
broadcasting,X,,
broadcasts,X,,
broaden,,X,
broadening,,X,
broadens,,X,
broke,,X,
broken,X,,
brought,X,,
bruise,X,,
bruised,X,,
bruises,X,,
bruising,X,,
brush,X,,
brushed,X,,
brushes,X,,
brushing,X,,
bubble,X,,
bubbled,X,,
bubbles,X,,
bubbling,X,,
buckle,,X,
bug,,X,
build,X,,
building,,X,
builds,,X,
built,X,,
bullied,,X,
bullies,,X,
bully,,X,
bullying,,X,
bump,X,,
bumped,X,,
bumping,X,,
bumps,X,,
bungle,,X,
burden,,X,
buried,X,,
buries,X,,
burn,X,,
burned,X,,
burning,X,,
burns,X,,
burnt,X,,
burst,X,,
bursting,X,,
bursts,X,,
bury,X,,
burying,X,,
business,,X,
bustle,,X,
bustled,,X,
bustles,,X,
bustling,,X,
buy,,,X
buying,,,X
buys,X,,
buzz,X,,
buzzed,X,,
buzzes,X,,
buzzing,X,,
cajole,,X,
cajoled,,X,
cajoles,,X,
cajoling,,X,
calculate,,X,
calculated,,X,
calculates,,X,
calculating,,X,
call,X,,
called,X,,
calling,,X,
calls,,X,
calm,,,X
calmed,,,X
calming,,,X
calms,,,X
came,,X,
camp,X,,
campaign,,X,
camped,X,,
camping,X,,
camps,X,,
can,,,X
can't,,,X
cancel,X,,
canceled,X,,
canceling,X,,
cancelled,X,,
cancels,X,,
cannot,,,X
canvas,,X,
capitalize,,X,
capitulate,,X,
capsize,,X,
captivate,,,X
captivated,,,X
captivates,,,X
captivating,,,X
capture,,X,
captured,,X,
captures,,X,
capturing,,X,
care,,,X
cared,,,X
cares,,,X
caring,,,X
carried,X,,
carries,X,,
carry,X,,
carrying,X,,
carve,X,,
carved,X,,
carves,X,,
carving,X,,
case,,X,
cased,,X,
cases,,X,
cash,,X,
cashed,,X,
cashes,,X,
cashing,,X,
cast,X,,
casted,,X,
casting,X,,
casts,X,,
catch,,X,
catches,X,,
catching,X,,
caught,,X,
cause,,X,
caused,,X,
causes,,X,
causing,,X,
cease,,X,
ceased,,X,
ceases,,X,
ceasing,,X,
celebrate,,X,
celebrated,,,X
celebrates,,,X
celebrating,,,X
center,,X,
centered,,X,
centering,,X,
centers,,X,
challenge,,X,
challenged,,X,
challenges,,X,
challenging,,X,
chance,,X,
chanced,,X,
chances,,X,
change,,X,
changed,,X,
changes,,X,
changing,,X,
channel,,X,
channeled,,X,
channeling,,X,
channels,,X,
characterize,,X,
characterized,,X,
characterizes,,X,
characterizing,,X,
charge,,X,
charged,,X,
charges,,X,
charging,,X,
chase,X,,
chased,X,,
chases,X,,
chasing,X,,
chat,X,,
chats,X,,
chatted,X,,
chatting,X,,
cheat,,X,
cheated,,X,
cheating,,X,
cheats,,X,
check,,X,
checked,,X,
checking,,X,
checks,,X,
cheer,,,X
cheered,,,X
cheering,,,X
cheerlead,,X,
cheerleading,,X,
cheerleads,,X,
cheers,,,X
cherish,,,X
cherished,,,X
cherishes,,,X
cherishing,,,X
chew,X,,
chewed,X,,
chewing,X,,
chews,X,,
chill,,X,
chilled,,X,
chilling,,X,
chills,,X,
chip,,X,
chipped,,X,
chipping,,X,
chips,,X,
choke,X,,
choked,X,,
chokes,X,,
choking,X,,
choose,,X,
chooses,,X,
choosing,,X,
chop,X,,
chopped,X,,
chopping,X,,
chops,X,,
chose,,X,
chosen,,X,
circle,X,,
circled,X,,
circles,X,,
circling,X,,
claim,,X,
claimed,,X,
claiming,,X,
claims,,X,
clap,X,,
clapped,X,,
clapping,X,,
claps,X,,
classified,,X,
classifies,,X,
classify,,X,
classifying,,X,
clean,X,,
cleaned,,X,
cleaning,X,,
cleans,X,,
clear,,X,
cleared,,X,
clearing,,X,
clears,,X,
cleave,,X,
cleaved,,X,
cleaves,,X,
cleaving,,X,
click,,X,
clicked,,X,
clicking,,X,
clicks,,X,
climb,X,,
climbed,X,,
climbing,X,,
climbs,X,,
cling,X,,
clinging,X,,
clings,X,,
clip,X,,
clipped,X,,
clipping,X,,
clips,X,,
clock,,X,
clocked,,X,
clocking,,X,
clocks,,X,
close,,X,
closed,X,,
closes,,X,
closing,,X,
clothe,X,,
clothed,X,,
clothes,X,,
clothing,X,,
clung,X,,
coach,,X,
coached,,X,
coaches,,X,
coaching,,X,
code,,X,
coded,,X,
codes,,X,
coding,,X,
coil,X,,
coiled,X,,
coiling,X,,
coils,X,,
collaborate,,X,
collaborated,,X,
collaborates,,X,
collaborating,,X,
collapse,X,,
collapsed,X,,
collapses,X,,
collapsing,X,,
collar,,X,
collared,,X,
collaring,,X,
collars,,X,
collect,,X,
collected,,X,
collecting,,X,
collects,,X,
color,,X,
colored,,X,
coloring,,X,
colors,,X,
comb,X,,
combed,X,,
combine,,X,
combined,,X,
combines,,X,
combing,X,,
combining,,X,
combs,X,,
come,,X,
comes,,X,
comfort,,X,
comforted,,X,
comforting,,X,
comforts,,X,
coming,,X,
command,,X,
commanded,,X,
commanding,,X,
commands,,X,
comment,,X,
commented,,X,
commenting,,X,
comments,,X,
commit,,X,
commits,,X,
committed,,X,
committing,,X,
communicate,,X,
communicated,,X,
communicates,,X,
communicating,,X,
compare,,X,
compared,,X,
compares,,X,
comparing,,X,
compel,,X,
compelled,,X,
compelling,,X,
compels,,X,
compensate,,X,
compensated,,X,
compensates,,X,
compensating,,X,
compete,,X,
competed,,X,
competes,,X,
competing,,X,
complain,,X,
complained,,,X
complaining,,,X
complains,,,X
complement,,X,
complemented,,X,
complementing,,X,
complements,,X,
complete,,X,
completed,,X,
completes,,X,
completing,,X,
complicate,,X,
complicated,,X,
complicates,,X,
complicating,,X,
compose,,X,
composed,,X,
composes,,X,
composing,,X,
comprehend,,,X
comprehended,,,X
comprehending,,,X
comprehends,,,X
comprise,,X,
comprised,,X,
comprises,,X,
comprising,,X,
compromise,,X,
compromised,,X,
compromises,,X,
compromising,,X,
concentrate,,X,
concentrated,,X,
concentrates,,X,
concentrating,,X,
concern,,,X
concerned,,,X
concerning,,,X
concerns,,,X
conclude,,X,
concluded,,X,
concludes,,X,
concluding,,X,
concur,,,X
concurred,,,X
concurring,,,X
concurs,,,X
conditioned,,X,
conditioning,,X,
condone,,,X
condoned,,,X
condones,,,X
condoning,,,X
conduct,,X,
conducted,,X,
conducting,,X,
conducts,,X,
confess,,X,
confessed,,X,
confesses,,X,
confessing,,X,
confide,,X,
confided,,X,
confides,,X,
confiding,,X,
confine,,X,
confined,,X,
confines,,X,
confining,,X,
confirm,,,X
confirmed,,,X
confirming,,,X
confirms,,,X
conflict,,X,
conflicted,,X,
conflicting,,X,
conflicts,,X,
conform,,,X
conformed,,,X
conforming,,,X
conforms,,,X
confront,,X,
confronted,,X,
confronting,,X,
confronts,,X,
confuse,,,X
confused,,,X
confuses,,,X
confusing,,,X
connect,,X,
connected,,X,
connecting,,X,
connects,,X,
conquer,,X,
conquering,,X,
conquers,,X,
consent,X,,
consented,X,,
consenting,X,,
consents,X,,
consider,,X,
considered,,X,
considering,,X,
considers,,X,
consist,,X,
consisted,,X,
consisting,,X,
consists,,X,
console,,X,
consoled,,X,
consoles,,X,
consoling,,X,
construct,,X,
constructed,,X,
constructing,,X,
constructs,,X,
consume,X,,
consumed,X,,
consumes,X,,
consuming,X,,
contact,,X,
contacted,,X,
contacting,,X,
contacts,,X,
contain,,X,
contained,,X,
containing,,X,
contains,,X,
contemplated,,X,
contemplates,,X,
contemplating,,X,
content,,X,
contest,,X,
contested,,X,
contesting,,X,
contests,,X,
continue,,X,
continued,,X,
continues,,X,
continuing,,X,
contort,X,,
contorted,X,,
contorting,X,,
contorts,X,,
contrast,,X,
contrasted,,X,
contrasting,,X,
contrasts,,X,
contribute,,X,
contributed,,X,
contributes,,X,
contributing,,X,
control,,X,
controlled,,X,
controlling,,X,
controls,,X,
converse,X,,
conversed,X,,
converses,X,,
conversing,X,,
convert,,X,
converted,,X,
converting,,X,
converts,,X,
convey,,X,
conveyed,,X,
conveying,,X,
conveys,,X,
convince,,X,
convinces,,X,
convincing,,X,
cook,X,,
cooked,X,,
cooking,X,,
cooks,X,,
cool,,X,
cooled,,X,
cooling,,X,
cools,,X,
cooperate,,X,
cooperated,,X,
cooperates,,X,
cooperating,,X,
cope,,X,
coped,,X,
copes,,X,
copied,,X,
copies,,X,
coping,,X,
copy,,X,
copying,,X,
correct,,X,
corrected,,X,
correcting,,X,
corrects,,X,
correlate,,X,
correlated,,X,
correlates,,X,
correlating,,X,
cost,X,,
costing,X,,
costs,X,,
cough,X,,
coughed,X,,
coughing,X,,
coughs,X,,
could,,,X
count,X,,
counted,,X,
counting,,X,
counts,,X,
couple,X,,
coupled,X,,
couples,X,,
coupling,X,,
court,,X,
courted,,X,
courting,,X,
courts,,X,
cover,,X,
covered,,X,
covering,,X,
covers,,X,
crack,X,,
cracked,X,,
cracking,X,,
cracks,X,,
cram,,X,
crammed,,X,
cramming,,X,
cramp,,X,
cramped,,X,
cramping,,X,
cramps,,X,
crams,,X,
crash,X,,
crashed,X,,
crashes,X,,
crashing,X,,
crave,,,X
craved,,,X
craves,,,X
craving,,,X
crawl,X,,
crawled,X,,
crawling,X,,
crawls,X,,
cream,,X,
creamed,,X,
creaming,,X,
creams,,X,
create,,X,
created,,X,
creates,,X,
creating,,X,
creep,X,,
creeping,X,,
creeps,X,,
crept,X,,
crew,X,,
cried,X,,
cries,,,X
criticize,,X,
criticized,,X,
criticizes,,X,
criticizing,,X,
crop,X,,
cropped,X,,
cropping,X,,
crops,X,,
crosses,X,,
crossing,X,,
crouch,X,,
crouched,X,,
crouches,X,,
crouching,X,,
crow,X,,
crowd,,X,
crowded,,X,
crowding,,X,
crowds,,X,
crowed,X,,
crown,X,,
crowned,X,,
crowning,X,,
crowns,X,,
crumble,,X,
crumbled,,X,
crumbles,,X,
crumbling,,X,
crush,X,,
crushed,X,,
crushes,X,,
crushing,X,,
cry,X,,
crying,,,X
cuddle,,X,
cuddled,,X,
cuddles,,X,
cuddling,,X,
cultivate,,X,
cultivated,,X,
cultivates,,X,
cultivating,,X,
curb,,X,
curbed,,X,
curbing,,X,
curbs,,X,
cure,,X,
cured,,X,
cures,,X,
curing,,X,
curl,X,,
curled,X,,
curling,X,,
curls,X,,
curse,,X,
cursed,,X,
curses,,X,
cursing,,X,
curve,X,,
curved,X,,
curves,X,,
curving,X,,
cut,,,X
cuts,X,,
cutting,X,,
cycle,X,,
cycled,X,,
cycles,X,,
cycling,X,,
dam,X,,
damage,X,,
damaged,X,,
damages,X,,
damaging,X,,
dammed,X,,
damming,X,,
dams,X,,
dance,X,,
danced,X,,
dances,X,,
dancing,X,,
dare,,X,
dared,,X,
dares,,X,
daring,,X,
dash,,X,
dashed,,X,
dashes,,X,
dashing,,X,
date,,X,
dated,,X,
dates,,X,
dating,,X,
dawn,,,X
dawned,,,X
dawning,,,X
dawns,,,X
deal,,X,
dealing,X,,
deals,X,,
dealt,,X,
debate,,X,
debated,,X,
debates,,X,
debating,,X,
decay,,X,
decayed,,X,
decaying,,X,
decays,,X,
deceive,,,X
deceived,,,X
deceives,,,X
deceiving,,,X
decide,,X,
decided,,X,
decides,,,X
deciding,,,X
decipher,,X,
deciphered,,X,
deciphering,,X,
deciphers,,X,
declare,,X,
declared,,X,
declares,,X,
declaring,,X,
decorate,,X,
decorated,,X,
decorates,,X,
decorating,,X,
decrease,X,,
decreased,X,,
decreases,X,,
decreasing,X,,
dedicate,,X,
dedicates,,X,
dedicating,,X,
deem,,X,
deemed,,X,
deeming,,X,
deems,,X,
default,,X,
defaulted,,X,
defaulting,,X,
defaults,,X,
defeat,,X,
defeated,,X,
defeating,,X,
defeats,,X,
defecate,X,,
defecated,X,,
defecates,X,,
defecating,X,,
defend,,X,
defended,,X,
defending,,X,
defends,,X,
define,,X,
defines,,X,
defining,,X,
defuse,,X,
defused,,X,
defuses,,X,
defusing,,X,
delay,,X,
delayed,,X,
delaying,,X,
delays,,X,
delight,,,X
delighted,,,X
delighting,,,X
delights,,,X
deliver,X,,
delivered,,X,
delivering,X,,
delivers,X,,
delve,,X,
delved,,X,
delves,,X,
delving,,X,
demand,,X,
demanded,,X,
demanding,,X,
demands,,X,
demean,,,X
demeaned,,,X
demeaning,,,X
demeans,,,X
demonstrate,,X,
demonstrated,,X,
demonstrates,,X,
demonstrating,,X,
denied,,X,
denies,,X,
dent,X,,
dented,X,,
denting,X,,
dents,X,,
deny,,X,
denying,,X,
depart,X,,
departed,X,,
departing,X,,
departs,X,,
depend,,X,
depended,,X,
depending,,X,
depends,,X,
depress,,,X
depressed,,,X
depresses,,,X
depressing,,,X
deprive,,X,
deprived,,X,
deprives,,X,
depriving,,X,
derive,,X,
derived,,X,
derives,,X,
deriving,,X,
descend,X,,
descended,X,,
descending,X,,
descends,X,,
describe,,X,
described,,X,
describes,,X,
describing,,X,
desert,,X,
deserted,,X,
deserting,,X,
deserts,,X,
deserve,,X,
deserved,,X,
deserves,,X,
deserving,,X,
design,,X,
designate,,X,
designated,,X,
designates,,X,
designating,,X,
designed,,X,
designing,,X,
designs,,X,
desire,,,X
desired,,,X
desires,,,X
desiring,,,X
despise,,,X
despised,,,X
despises,,,X
despising,,,X
destine,,,X
destined,,,X
destines,,,X
destining,,,X
destroy,,X,
destroyed,,X,
destroying,,X,
destroys,,X,
detach,,,X
detached,,,X
detaches,,,X
detaching,,,X
detect,,X,
detecting,,X,
detects,,X,
determine,,X,
determined,,X,
determines,,X,
determining,,X,
devastate,,,X
devastated,,,X
devastates,,,X
devastating,,,X
develop,,X,
developed,,X,
developing,,X,
develops,,X,
devote,,,X
devotes,,,X
devoting,,,X
diagnose,,X,
diagnoses,,X,
diagnosing,,X,
die,X,,
died,X,,
dies,X,,
diet,,X,
dieted,,X,
dieting,,X,
diets,,X,
differed,,X,
differing,,X,
differs,,X,
dig,X,,
digging,X,,
digs,X,,
dim,,X,
diminish,X,,
diminished,X,,
diminishes,X,,
diminishing,X,,
dimmed,,X,
dimming,,X,
dims,,X,
dip,X,,
dipped,X,,
dipping,X,,
dips,X,,
direct,,X,
directed,,X,
directing,,X,
directs,,X,
disagree,,X,
disagreed,,X,
disagreeing,,X,
disagrees,,X,
disappear,,X,
disappeared,X,,
disappearing,,X,
disappears,,X,
disappoint,,,X
disappointed,,,X
disappointing,,,X
disappoints,,,X
disapprove,,X,
disapproved,,X,
disapproves,,X,
disapproving,,X,
disarm,X,,
disarmed,X,,
disarming,X,,
disarms,X,,
discern,,X,
discerned,,X,
discerning,,X,
discerns,,X,
discharge,,X,
discharged,,X,
discharges,,X,
discharging,,X,
discipline,,X,
disciplined,,X,
disciplines,,X,
disciplining,,X,
disclaim,,X,
disclaimed,,X,
disclaiming,,X,
disclaims,,X,
disclose,,X,
discloses,,X,
discontinue,,X,
discontinued,,X,
discontinues,,X,
discontinuing,,X,
discount,,X,
discounted,,X,
discounting,,X,
discounts,,X,
discourage,,X,
discouraged,,X,
discourages,,X,
discouraging,,X,
discover,,X,
discovered,,X,
discovering,,X,
discovers,,X,
discredit,,X,
discredited,,X,
discrediting,,X,
discredits,,X,
discriminate,,X,
discriminating,,X,
discuss,X,,
discussed,,X,
discusses,X,,
discussing,X,,
disguise,,X,
disguised,,X,
disguises,,X,
disguising,,X,
disgust,,X,
disgusted,,X,
disgusting,,X,
disgusts,,X,
dish,,X,
dished,,X,
dishes,,X,
dishing,,X,
dislike,,,X
disliked,,,X
dislikes,,,X
disliking,,,X
dismay,,,X
dismayed,,,X
dismaying,,,X
dismays,,,X
dismiss,,X,
dismissed,,X,
dismisses,,X,
dismissing,,X,
dispel,,X,
dispelled,,X,
dispelling,,X,
dispels,,X,
dispense,,X,
dispensed,,X,
dispenses,,X,
dispensing,,X,
disperse,X,,
dispersed,X,,
disperses,X,,
dispersing,X,,
display,,X,
displayed,X,,
displaying,,X,
displays,,X,
displease,,X,
displeased,,X,
displeases,,X,
displeasing,,X,
dispose,,X,
disposed,,X,
disposes,,X,
disposing,,X,
disprove,,X,
disproved,,X,
disproven,,X,
disproves,,X,
disproving,,X,
dispute,,X,
disputed,,X,
disputes,,X,
disputing,,X,
disregard,,X,
disregarded,,X,
disregarding,,X,
disregards,,X,
disrupt,,X,
disrupted,,X,
disrupting,,X,
disrupts,,X,
dissolve,,X,
dissolved,,X,
dissolves,,X,
dissolving,,X,
distance,,,X
distanced,,,X
distances,,,X
distancing,,,X
distinguish,,X,
distinguished,,X,
distinguishes,,X,
distinguishing,,X,
distort,,X,
distorted,,X,
distorting,,X,
distorts,,X,
distract,,X,
distracted,,X,
distracting,,X,
distracts,,X,
distress,,X,
distressed,,X,
distresses,,X,
distressing,,X,
distribute,,X,
distributed,,X,
distributes,,X,
distributing,,X,
disturb,,X,
disturbed,,X,
disturbing,,X,
disturbs,,X,
ditch,,X,
ditched,,X,
ditches,,X,
ditching,,X,
dive,X,,
dived,X,,
divert,,X,
diverted,,X,
diverting,,X,
diverts,,X,
dives,X,,
divide,,X,
divided,,X,
divides,,X,
dividing,,X,
divine,,X,
divined,,X,
divines,,X,
diving,X,,
divining,,X,
divorce,,X,
divorced,X,,
divorces,,X,
divorcing,,X,
do,X,,
doctor,,X,
doctored,,X,
doctoring,,X,
doctors,,X,
dodge,X,,
dodged,X,,
dodges,X,,
dodging,X,,
does,X,,
doesn't,,,X
doing,,X,
dominate,,X,
dominated,,X,
dominates,,X,
dominating,,X,
don't,,,X
donate,X,,
donated,X,,
donates,X,,
donating,X,,
done,,X,
doom,,X,
doomed,,X,
dote,,X,
doted,,X,
dotes,,X,
doting,,X,
double,,X,
doubled,,X,
doubles,,X,
doubling,,X,
doubt,,,X
doubted,,,X
doubting,,,X
doubts,,,X
dove,X,,
draft,,X,
drafted,,X,
drafting,,X,
drafts,,X,
drag,X,,
dragged,X,,
dragging,X,,
drags,X,,
drain,X,,
drained,X,,
draining,X,,
drains,X,,
drank,X,,
draw,,,X
drawing,X,,
drawn,X,,
draws,X,,
dread,,,X
dreaded,,,X
dreading,,,X
dreads,,,X
dream,X,,
dreamed,X,,
dreaming,X,,
dreams,X,,
dreamt,X,,
dress,X,,
dressed,X,,
dresses,X,,
dressing,X,,
drew,X,,
dried,X,,
dries,X,,
drift,,X,
drifted,,X,
drifting,,X,
drifts,,X,
drill,,X,
drilled,,X,
drilling,,X,
drills,,X,
drink,X,,
drinking,X,,
drinks,X,,
drip,X,,
dripped,X,,
dripping,X,,
drips,X,,
drive,,,X
driven,X,,
drives,X,,
driving,X,,
drizzle,X,,
drizzled,X,,
drizzles,X,,
drizzling,X,,
droop,X,,
drooped,X,,
drooping,X,,
droops,X,,
drop,X,,
dropped,X,,
dropping,X,,
drops,X,,
drove,X,,
drown,X,,
drowned,X,,
drowning,X,,
drowns,X,,
drum,X,,
drummed,X,,
drumming,X,,
drums,X,,
drunk,X,,
dry,X,,
drying,X,,
dug,X,,
dump,,X,
dumped,,X,
dumping,,X,
dumps,,X,
dust,X,,
dusted,X,,
dusting,X,,
dusts,X,,
dwell,,X,
dwelled,,X,
dwelling,,X,
dwells,X,,
dwelt,,X,
dwindle,,X,
dwindled,,X,
dwindles,,X,
dwindling,,X,
dying,X,,
ear,,X,
earing,,X,
earn,,X,
earned,,X,
earning,,X,
earns,,X,
ears,,X,
ease,,X,
eased,,X,
eases,,X,
eat,X,,
eaten,X,,
eating,X,,
eats,X,,
echo,X,,
echoed,X,,
echoes,X,,
echoing,X,,
economize,,X,
edge,,X,
edged,,X,
edges,,X,
edging,,X,
edit,,X,
edited,,X,
editing,,X,
edits,,X,
educate,,X,
educated,,X,
educates,,X,
educating,,X,
effect,,X,
effected,,X,
effecting,,X,
effects,,X,
elaborate,,X,
elaborated,,X,
elaborates,,X,
elaborating,,X,
elapse,,X,
elapsed,,X,
elapses,,X,
elapsing,,X,
elated,,,X
elates,,,X
elating,,,X
elect,X,,
elected,X,,
electing,X,,
elects,X,,
elevate,X,,
elevated,X,,
elevates,X,,
elevating,X,,
eliminate,,X,
eliminated,,X,
eliminates,,X,
eliminating,,X,
email,X,,
emailed,X,,
emailing,X,,
emails,X,,
embark,,X,
embarked,,X,
embarking,,X,
embarks,,X,
embarrass,,,X
embarrassed,,,X
embarrasses,,,X
embarrassing,,,X
embed,,X,
embedded,,X,
embedding,,X,
embeds,,X,
embellish,,X,
embellished,,X,
embellishes,,X,
embellishing,,X,
embodied,,X,
embodies,,X,
embody,,X,
embodying,,X,
embrace,X,,
embraced,,X,
embraces,X,,
embracing,X,,
emerge,,X,
emerged,,X,
emerges,,X,
emerging,,X,
empathize,,,X
empathized,,,X
empathizes,,,X
empathizing,,,X
emphasis,,X,
emphasize,,,X
emphasized,,,X
emphasizes,,,X
emphasizing,,,X
employ,,X,
employed,,X,
employing,,X,
employs,,X,
empower,,X,
empowered,,X,
empowering,,X,
empowers,,X,
emptied,,X,
empties,,X,
empty,,X,
emptying,,X,
emulate,,X,
emulated,,X,
emulates,,X,
emulating,,X,
enable,,X,
enabled,,X,
enables,,X,
enabling,,X,
enact,,X,
enacted,,X,
enacting,,X,
enacts,,X,
encompass,,X,
encompassed,,X,
encompasses,,X,
encompassing,,X,
encounter,,X,
encountered,,X,
encountering,,X,
encounters,,X,
encourage,,X,
encouraged,,X,
encourages,,,X
encouraging,,,X
encroach,,X,
end,X,,
endanger,,X,
endangered,,X,
endangering,,X,
endangers,,X,
endeavor,,X,
endeavored,,X,
endeavors,,X,
ended,X,,
ending,,X,
endorse,,X,
endorsed,,X,
endorses,,X,
endorsing,,X,
ends,,X,
endure,,X,
endured,,X,
endures,,X,
enduring,,X,
energize,,X,
energized,,X,
energizes,,X,
energizing,,X,
enforce,,X,
enforced,,X,
enforces,,X,
enforcing,,X,
engage,,X,
engaged,,X,
engages,,X,
engaging,,X,
engrave,X,,
engraved,X,,
engraves,X,,
engraving,X,,
engulf,,X,
engulfed,,X,
engulfing,,X,
engulfs,,X,
enhance,,X,
enhanced,,X,
enhances,,X,
enhancing,,X,
enjoy,,,X
enjoyed,,,X
enjoying,,,X
enjoys,,,X
enlighten,,X,
enlightened,,X,
enlightening,,X,
enlightens,,X,
enrage,,X,
enraged,,X,
enrages,,X,
enraging,,X,
enrich,,X,
enriched,,X,
enriches,,X,
enriching,,X,
enroll,,X,
enrolled,X,,
enrolling,,X,
enrolls,,X,
enslave,,X,
enslaved,,X,
enslaves,,X,
enslaving,,X,
ensure,,X,
ensured,,X,
ensures,,X,
ensuring,,X,
entail,,X,
entailed,,X,
entailing,,X,
entails,,X,
enter,X,,
entered,X,,
entering,,X,
enters,,X,
entertain,,X,
entertained,,X,
entertaining,,X,
entertains,,X,
enthrall,,,X
enthralled,,,X
enthralling,,,X
enthralls,,,X
entitle,,X,
entitled,,X,
entitles,,X,
entitling,,X,
entrap,,X,
entrapped,,X,
entrapping,,X,
entraps,,X,
entreat,,X,
entreated,,X,
entreating,,X,
entreats,,X,
entrust,,X,
entrusted,,X,
entrusting,,X,
entrusts,,X,
envied,,,X
envies,,,X
envision,,X,
envisioned,,X,
envisioning,,X,
envisions,,X,
envy,,,X
envying,,,X
equal,X,,
equaled,X,,
equaling,X,,
equals,X,,
equip,,X,
equipped,,X,
equips,,X,
eradicate,,X,
eradicated,,X,
eradicates,,X,
erase,X,,
erased,X,,
erases,X,,
erasing,X,,
erect,,X,
erected,,X,
erecting,,X,
erects,,X,
erode,X,,
eroded,X,,
erodes,X,,
eroding,X,,
err,,X,
erred,,X,
erring,,X,
errs,,X,
escape,,X,
escaped,,X,
escapes,,X,
escaping,,X,
establish,,X,
established,,X,
establishes,,X,
establishing,,X,
esteem,,,X
esteemed,,,X
esteeming,,,X
esteems,,,X
estimate,,X,
estimated,,X,
estimates,,X,
estimating,,X,
evade,,X,
evaded,,X,
evades,,X,
evading,,X,
evaluate,,X,
evaluated,,X,
evaluates,,X,
evaluating,,X,
even,,X,
evict,,X,
evicted,,X,
evicting,,X,
evicts,,X,
evidence,,X,
evolve,,X,
evolved,,X,
evolves,,X,
evolving,,X,
exact,,X,
exaggerate,,X,
exaggerated,,X,
exaggerates,,X,
exaggerating,,X,
exalt,,X,
exalted,,X,
exalting,,X,
exalts,,X,
examine,,X,
examined,,X,
examines,,X,
examining,,X,
exasperate,,X,
exasperated,,X,
exasperates,,X,
exasperating,,X,
exceed,,X,
exceeded,,X,
exceeding,,X,
exceeds,,X,
excel,,X,
excelled,,X,
excelling,,X,
excels,,X,
exchange,,X,
exchanged,,X,
exchanges,,X,
exchanging,,X,
excite,,,X
excited,,X,
excites,,,X
exciting,,,X
exclaim,X,,
exclaimed,X,,
exclaiming,X,,
exclaims,X,,
exclude,,X,
excluded,,X,
excludes,,X,
excluding,,X,
excuse,,X,
excused,,X,
excuses,,X,
excusing,,X,
execute,,X,
executed,,X,
executes,,X,
exercise,X,,
exercised,X,,
exercises,X,,
exercising,X,,
exert,,X,
exerted,,X,
exerting,,X,
exerts,,X,
exhaust,,X,
exhausted,,X,
exhausting,,X,
exhausts,,X,
exhibit,,X,
exhibited,,X,
exhibiting,,X,
exhibits,,X,
exhilarate,,,X
exhilarated,,,X
exhilarates,,,X
exhilarating,,,X
exile,,X,
exiled,,X,
exiles,,X,
exist,,X,
existed,,X,
existing,,X,
exists,,X,
exit,,X,
exited,,X,
exiting,,X,
exits,,X,
expand,,X,
expanded,,X,
expanding,,X,
expands,,X,
expect,,X,
expected,,X,
expecting,,X,
expects,,X,
expel,,X,
expelled,,X,
expelling,,X,
expels,,X,
expend,,X,
expended,,X,
expending,,X,
expends,,X,
experience,,X,
experienced,,X,
experiences,,X,
experiencing,,X,
experiment,,X,
experimented,,X,
experimenting,,X,
experiments,,X,
expire,,X,
expired,,X,
expires,,X,
expiring,,X,
explain,,X,
explained,,X,
explaining,,X,
explains,,X,
explode,X,,
exploded,X,,
explodes,X,,
exploding,X,,
exploit,,X,
exploited,,X,
exploiting,,X,
exploits,,X,
explore,,X,
explored,,X,
explores,,X,
exploring,,X,
expose,,X,
exposed,,X,
exposes,,X,
exposing,,X,
express,,X,
expressed,,X,
expresses,,X,
expressing,,X,
extend,,X,
extended,,X,
extending,,X,
extends,,X,
exterminate,,X,
exterminated,,X,
exterminates,,X,
exterminating,,X,
extinguish,,X,
extinguished,,X,
extinguishes,,X,
extinguishing,,X,
extol,,X,
extolled,,X,
extolling,,X,
extols,,X,
extrapolate,,X,
extrapolated,,X,
extrapolates,,X,
extrapolating,,X,
eye,,X,
eyed,,X,
eyes,,X,
fabricate,,X,
fabricated,,X,
fabricates,,X,
fabricating,,X,
face,,X,
faced,,X,
faces,,X,
facilitate,,X,
facilitated,,X,
facilitates,,X,
facilitating,,X,
facing,,X,
fade,X,,
faded,,X,
fades,X,,
fading,X,,
fail,,X,
failed,,X,
failing,,X,
fails,,X,
fall,X,,
fallen,X,,
falling,X,,
falls,X,,
falter,,X,
faltered,,X,
faltering,,X,
falters,,X,
familiarize,,X,
familiarized,,X,
familiarizes,,X,
familiarizing,,X,
fan,,X,
fancied,,,X
fancies,,,X
fancy,,,X
fancying,,,X
fanned,,X,
fanning,,X,
fans,,X,
fare,,X,
fared,,X,
fares,,X,
faring,,X,
farm,,X,
farmed,,X,
farming,,X,
farms,,X,
fascinate,,X,
fascinated,,X,
fascinates,,X,
fascinating,,X,
fast,X,,
fasted,X,,
fasten,X,,
fastened,X,,
fastening,X,,
fastens,X,,
fasting,X,,
fasts,X,,
fathom,,X,
fathomed,,X,
fathoming,,X,
fathoms,,X,
favor,,X,
favored,,X,
favoring,,X,
favors,,X,
fax,X,,
faxed,X,,
faxes,X,,
faxing,X,,
fear,,,X
feared,,,X
fearing,,,X
fears,,,X
feast,,X,
feasted,,X,
feasting,,X,
feather,,X,
feathered,,X,
feathering,,X,
feathers,,X,
feats,,X,
feature,,X,
featured,,X,
features,,X,
featuring,,X,
fed,X,,
feed,X,,
feeding,X,,
feeds,X,,
feel,,,X
feeling,X,,
feels,X,,
feign,,X,
feigned,,X,
feigning,,X,
feigns,,X,
feint,,X,
feinted,,X,
feinting,,X,
feints,,X,
fell,X,,
felt,,,X
fence,X,,
fenced,X,,
fences,X,,
fencing,X,,
fend,,X,
fended,,X,
fending,,X,
fends,,X,
fetch,X,,
fetched,X,,
fetches,X,,
fetching,X,,
fidget,,X,
fidgeted,,X,
fidgeting,,X,
fidgets,,X,
field,,X,
fields,,X,
fight,X,,
fighting,X,,
fights,X,,
figure,,X,
figured,,X,
figures,,X,
figuring,,X,
file,,X,
filed,,X,
files,,X,
filing,,X,
fill,,,X
filled,,,X
filling,X,,
fills,X,,
film,X,,
filmed,X,,
filming,X,,
films,X,,
finance,,X,
financed,,X,
finances,,X,
financing,,X,
find,,X,
finding,,X,
finds,,X,
fine,,X,
fined,,X,
fines,,X,
finger,,X,
fingered,,X,
fingering,,X,
fingers,,X,
finish,X,,
finished,X,,
finishes,,X,
finishing,,X,
fire,,X,
fired,,X,
fires,,X,
firing,,X,
fish,X,,
fished,X,,
fishes,X,,
fishing,X,,
fit,,X,
fits,,X,
fitted,,X,
fitting,,X,
fix,X,,
fixed,X,,
fixes,X,,
fixing,X,,
flap,X,,
flapped,X,,
flapping,X,,
flaps,X,,
flash,,X,
flashed,,X,
flashes,,X,
flashing,,X,
flatter,,X,
flattered,,X,
flattering,,X,
flatters,,X,
flaunt,,X,
flaunted,,X,
flaunting,,X,
flaunts,,X,
flavor,,X,
flavored,,X,
flavoring,,X,
flavors,,X,
fled,X,,
flee,,X,
fleeing,X,,
flees,X,,
flew,,X,
flick,X,,
flicked,X,,
flicking,X,,
flicks,X,,
flies,,X,
fling,X,,
flinging,X,,
flings,X,,
flip,X,,
flipped,X,,
flipping,X,,
flips,X,,
flirt,,X,
flirted,,X,
flirting,,X,
flirts,,X,
float,X,,
floated,X,,
floating,X,,
floats,X,,
flood,,X,
flooded,,X,
flooding,,X,
floods,,X,
floor,,X,
floored,,X,
flooring,,X,
floors,,X,
flounder,,X,
floundered,,X,
floundering,,X,
flounders,,X,
flourish,,X,
flourished,,X,
flourishes,,X,
flourishing,,X,
flow,X,,
flowed,X,,
flower,X,,
flowered,X,,
flowering,X,,
flowers,X,,
flowing,X,,
flown,X,,
flows,X,,
flung,X,,
fly,,X,
flying,X,,
foam,,X,
foamed,,X,
foaming,,X,
foams,,X,
focus,,X,
focused,,X,
focuses,,X,
focusing,,X,
fold,X,,
folded,X,,
folding,X,,
folds,X,,
following,,X,
follows,,X,
fool,,X,
fooled,,X,
fooling,,X,
fools,,X,
forbade,,X,
forbid,,X,
forbidden,,X,
forbidding,,X,
forbids,,X,
force,,X,
forced,,X,
forces,,X,
forcing,,X,
forecast,,X,
forecasted,,X,
forecasting,,X,
forecasts,,X,
foresaw,,X,
foresee,,X,
foreseeing,,X,
foreseen,,X,
foresees,,X,
foretell,,X,
foretelling,,X,
foretells,,X,
foretold,,X,
forfeit,,X,
forfeited,,X,
forfeiting,,X,
forfeits,,X,
forgave,,,X
forge,,X,
forged,,X,
forges,,X,
forget,,X,
forgets,,X,
forgetting,,,X
forging,,X,
forgive,,,X
forgiven,,X,
forgives,,X,
forgiving,,X,
forgot,,X,
forgotten,,X,
form,,X,
formed,,X,
forming,,X,
forms,,X,
formulate,,X,
formulated,,X,
formulates,,X,
formulating,,X,
forsake,,X,
forsaken,,X,
forsakes,,X,
forsaking,,X,
forsook,,X,
forswear,,X,
forswearing,,X,
forswears,,X,
forswore,,X,
forsworn,,X,
fortified,,X,
fortifies,,X,
fortify,,X,
fortifying,,X,
forward,,X,
forwarded,,X,
forwarding,,X,
fossilize,,X,
fossilized,,X,
fossilizes,,X,
fossilizing,,X,
foster,,X,
fostered,,X,
fostering,,X,
fosters,,X,
fought,X,,
found,,X,
founded,,X,
founder,,X,
founders,,X,
founds,,X,
fracture,,X,
fractured,,X,
fractures,,X,
fracturing,,X,
frame,,X,
framed,,X,
frames,,X,
framing,,X,
freak,,,X
freaked,,,X
freaking,,,X
freaks,,,X
free,,X,
freed,,X,
freeing,,X,
frees,,X,
freeze,X,,
freezes,X,,
freezing,X,,
frequent,,X,
frequents,,X,
fried,X,,
fries,X,,
frighten,,,X
frightened,,,X
frightening,,,X
frightens,,,X
frolic,,X,
frolicked,,X,
frolicking,,X,
frolics,,X,
frown,,X,
frowned,,X,
frowning,,X,
frowns,,X,
froze,X,,
frozen,X,,
frustrate,,X,
frustrated,,X,
frustrates,,X,
frustrating,,X,
fry,X,,
frying,X,,
fuck,,X,
fucked,,X,
fucking,,X,
fucks,,X,
fuel,,X,
fueled,,X,
fueling,,X,
fuels,,X,
fulfill,,X,
fulfilled,,X,
fulfilling,,X,
fulfills,,X,
fumble,,X,
fumbled,,X,
fumbles,,X,
fumbling,,X,
fume,,X,
fumed,,X,
fumes,,X,
fuming,,X,
fun,,,X
function,,X,
functioned,,X,
functioning,,X,
functions,,X,
furnish,,X,
furnished,,X,
furnishes,,X,
furnishing,,X,
further,,X,
furthered,,X,
furthering,,X,
furthers,,X,
fuss,,X,
fussed,,X,
fusses,,X,
fussing,,X,
gag,X,,
gagged,X,,
gagging,X,,
gags,X,,
gain,,X,
gained,,X,
gaining,,X,
gains,,X,
gamble,,X,
gambled,,X,
gambles,,X,
gambling,,X,
garnish,,X,
garnished,,X,
gas,,X,
gases,,X,
gasp,X,,
gasped,X,,
gasping,X,,
gasps,X,,
gather,X,,
gathered,X,,
gathering,,X,
gathers,,X,
gauge,,X,
gauged,,X,
gauges,,X,
gave,,X,
gaze,X,,
gazed,X,,
gazes,X,,
gazing,X,,
generalize,,X,
generalized,,X,
generalizes,,X,
generalizing,,X,
generate,X,,
generated,X,,
generates,X,,
generating,X,,
gesture,,X,
gestured,,X,
gestures,,X,
get,,,X
gets,,X,
getting,,X,
giggle,X,,
giggled,X,,
giggles,X,,
giggling,X,,
gild,X,,
gilded,X,,
gilt,X,,
give,X,,
given,,X,
gives,,X,
giving,,X,
gladden,,X,
gladdens,,X,
glance,X,,
glanced,X,,
glances,X,,
glancing,X,,
glean,,X,
gleaned,,X,
gleaning,,X,
gleans,,X,
gliding,X,,
glimmer,,X,
glimmered,,X,
glimmers,,X,
glimpse,X,,
glimpsed,X,,
glimpses,X,,
glimpsing,X,,
glisten,,X,
glistened,,X,
glistening,,X,
glistens,,X,
glitter,,X,
glittered,,X,
glitters,,X,
gloat,,X,
gloated,,X,
gloating,,X,
gloats,,X,
glorified,,X,
glorifies,,X,
glorify,,X,
glorifying,,X,
glow,X,,
glowed,X,,
glowing,X,,
glows,X,,
glue,X,,
glued,X,,
glues,X,,
gluing,X,,
gnaw,X,,
gnawed,X,,
gnawing,X,,
gnaws,X,,
go,X,,
goes,X,,
going,X,,
gone,X,,
gonna,X,,
gossip,,X,
gossiped,,X,
gossiping,,X,
gossips,,X,
got,,,X
gotten,,X,
govern,,X,
governed,,X,
governing,,X,
governs,,X,
grab,X,,
grabbed,X,,
grabbing,X,,
grabs,X,,
grade,,X,
graded,,X,
grades,,X,
grading,,X,
graduate,,X,
graduated,,X,
graduates,,X,
graduating,,X,
grant,,X,
granted,,X,
granting,,X,
grants,,X,
grapple,,X,
grappled,,X,
grapples,,X,
grappling,,X,
grasp,,X,
grasped,,X,
grasping,,X,
grasps,,X,
grate,X,,
grated,X,,
grates,X,,
gratified,,X,
gratifies,,X,
gratify,,X,
gratifying,,X,
grating,X,,
grease,X,,
greased,X,,
greases,X,,
greasing,X,,
greet,X,,
greeted,,X,
greeting,X,,
greets,X,,
grew,X,,
grieve,,,X
grieved,,,X
grieves,,,X
grieving,,,X
grin,X,,
grind,X,,
grinding,X,,
grinds,X,,
grinned,X,,
grinning,X,,
grins,X,,
grip,X,,
gripped,X,,
gripping,X,,
grips,X,,
groan,X,,
groaned,X,,
groaning,X,,
groans,X,,
groom,,X,
groomed,,X,
grooming,,X,
grooms,,X,
gross,,X,
grossed,,X,
ground,,X,
grounded,,X,
grounding,,X,
grounds,,X,
group,X,,
grouped,X,,
grouping,X,,
groups,X,,
grow,,,X
growing,X,,
grown,X,,
grows,X,,
grumble,,X,
grumbled,,X,
grumbles,,X,
grumbling,,X,
guarantee,,X,
guaranteed,,X,
guaranteeing,,X,
guarantees,,X,
guard,,X,
guarded,,X,
guarding,,X,
guards,,X,
guess,,X,
guessed,,X,
guesses,,X,
guessing,,X,
guide,,X,
guided,,X,
guides,,X,
guiding,,X,
had,,X,
hair,,X,
hairs,,X,
halt,,X,
halted,,X,
halting,,X,
halts,,X,
hammer,X,,
hammered,X,,
hammering,X,,
hammers,X,,
hamper,,X,
hampered,,X,
hampering,,X,
hampers,,X,
hand,X,,
handed,X,,
handicap,,,X
handicapped,,,X
handicapping,,,X
handicaps,,,X
handing,X,,
handle,,X,
handled,,X,
handles,,X,
handling,,X,
hands,X,,
hang,,,X
hanged,,X,
hanging,,,X
hangs,,,X
happen,,,X
happened,,,X
happening,,X,
happens,,X,
harass,,X,
harassed,,X,
harasses,,X,
harassing,,X,
harbor,,X,
harbored,,X,
harboring,,X,
harbors,,X,
harm,,X,
harmed,,X,
harming,,X,
harmonize,,X,
harmonized,,X,
harmonizes,,X,
harmonizing,,X,
harms,,X,
harness,X,,
harnessed,X,,
harnesses,X,,
harnessing,X,,
harvest,,X,
harvested,,X,
harvesting,,X,
harvests,,X,
has,,X,
hasten,,X,
hastened,,X,
hastening,,X,
hastens,,X,
hate,,,X
hated,,,X
hates,,,X
hating,,,X
haunt,,X,
haunted,,X,
haunting,,X,
haunts,,X,
have,,X,
having,,X,
hazard,,X,
hazardous,,X,
hazards,,X,
head,,X,
headed,,X,
heading,,X,
heads,,X,
heal,X,,
healed,X,,
healing,X,,
heals,X,,
heap,,X,
heaped,,X,
heaping,,X,
heaps,,X,
hear,,X,
heard,,X,
hearing,X,,
hears,X,,
heat,X,,
heated,X,,
heating,X,,
heats,X,,
heave,X,,
heaved,X,,
heaving,X,,
hedge,,X,
hedged,,X,
hedges,,X,
hedging,,X,
heed,,X,
heeded,,X,
heeding,,X,
heeds,,X,
heighten,,X,
heightened,,X,
heightening,,X,
heightens,,X,
held,,,X
help,,X,
helped,,X,
helping,,X,
helps,,X,
herd,,X,
herded,,X,
herding,,X,
herds,,X,
hesitate,,X,
hesitated,,X,
hesitates,,X,
hesitating,,X,
hew,X,,
hewed,X,,
hewing,X,,
hewn,X,,
hid,X,,
hidden,X,,
hide,,X,
hides,X,,
hiding,X,,
highlight,,X,
highlighted,,X,
highlighting,,X,
highlights,,X,
hike,X,,
hiked,X,,
hikes,X,,
hiking,X,,
hinder,,X,
hindered,,X,
hindering,,X,
hinders,,X,
hinge,,X,
hinged,,X,
hinges,,X,
hinging,,X,
hire,,X,
hired,,X,
hires,,X,
hiring,,X,
hit,,,X
hits,X,,
hitting,X,,
hoard,,X,
hoarded,,X,
hoarding,,X,
hoards,,X,
hobble,,X,
hobbled,,X,
hobbles,,X,
hobbling,,X,
hold,,,X
holding,X,,
holds,X,,
honor,,X,
honored,,X,
honoring,,X,
honors,,X,
hook,X,,
hooked,X,,
hooking,X,,
hooks,X,,
hop,X,,
hope,,X,
hoped,,X,
hopes,,,X
hoping,,,X
hopped,X,,
hopping,X,,
hops,X,,
horrified,,X,
horrifies,,X,
horrify,,X,
horrifying,,X,
hospitalize,,X,
hospitalized,,X,
hospitalizes,,X,
hospitalizing,,X,
host,,X,
hosted,,X,
hosting,,X,
hosts,,X,
house,X,,
housed,X,,
houses,X,,
housing,X,,
hove,X,,
hover,X,,
hovered,X,,
hovering,X,,
hovers,X,,
huddle,X,,
huddled,X,,
huddles,X,,
huddling,X,,
hug,X,,
hugged,X,,
hugging,X,,
hugs,X,,
hum,X,,
humble,,,X
humbled,,,X
humbles,,,X
humbling,,,X
humiliate,,X,
humiliated,,X,
humiliates,,X,
humiliating,,X,
hummed,X,,
humming,X,,
humor,,X,
humored,,X,
humoring,,X,
humors,,X,
hums,X,,
hung,X,,
hunt,,X,
hunted,,X,
hunting,,X,
hunts,,X,
hurried,,X,
hurries,,X,
hurry,,X,
hurrying,,X,
hurt,,X,
hurting,,X,
hurtle,,X,
hurtled,,X,
hurtles,,X,
hurtling,,X,
hurts,,X,
hustle,,X,
hustled,,X,
hustles,,X,
hustling,,X,
identified,,X,
identifies,,X,
identify,,X,
identifying,,X,
idle,,X,
idled,,X,
idles,,X,
idling,,X,
ignore,,X,
ignored,,X,
ignores,,X,
ignoring,,X,
illuminate,,X,
illuminated,,X,
illuminates,,X,
illuminating,,X,
illustrate,,X,
illustrated,,X,
illustrates,,X,
illustrating,,X,
imagine,,X,
imagined,,X,
imagines,X,,
imagining,X,,
immerse,,X,
immersed,,X,
immerses,,X,
immersing,,X,
immigrate,,X,
immigrated,,X,
immigrates,,X,
immigrating,,X,
impact,,X,
impacted,,X,
impacting,,X,
impacts,,X,
impair,,X,
impaired,,X,
impairing,,X,
impairs,,X,
impart,,X,
imparted,,X,
imparting,,X,
imparts,,X,
impede,,X,
impeded,,X,
impedes,,X,
impeding,,X,
impel,,X,
impelled,,X,
impelling,,X,
impels,,X,
implement,,X,
implemented,,X,
implementing,,X,
implements,,X,
implied,,X,
implies,,X,
implore,,X,
implored,,X,
implores,,X,
imploring,,X,
imply,,X,
implying,,X,
import,,X,
imported,,X,
importing,,X,
imports,,X,
impose,,X,
imposed,,X,
imposes,,X,
imposing,,X,
impress,,,X
impressed,,,X
impresses,,,X
impressing,,,X
imprison,,X,
imprisoned,,X,
imprisons,,X,
improve,,X,
improved,,X,
improves,,X,
improving,,X,
incline,,X,
inclined,,X,
inclines,,X,
inclining,,X,
include,,X,
included,,X,
includes,,X,
including,,X,
incorporate,,X,
incorporated,,X,
incorporates,,X,
incorporating,,X,
increase,,X,
increased,X,,
increases,,X,
increasing,,X,
incur,,X,
incurred,,X,
incurring,,X,
incurs,,X,
indicate,,X,
indicated,,X,
indicates,,X,
indicating,,X,
induce,,X,
induced,,X,
induces,,X,
inducing,,X,
indulge,,X,
indulged,,X,
indulges,,X,
indulging,,X,
infect,,X,
infected,,X,
infecting,,X,
infects,,X,
infer,,X,
inferred,,X,
inferring,,X,
infers,,X,
infest,,X,
infested,,X,
infesting,,X,
infests,,X,
inflict,,X,
inflicted,,X,
inflicting,,X,
inflicts,,X,
influence,,X,
influenced,,X,
influences,,X,
influencing,,X,
inform,,X,
informed,,X,
informing,,X,
informs,,X,
infuriate,,X,
infuriated,,X,
infuriates,,X,
infuriating,,X,
inhabit,,X,
inhabited,,X,
inhabiting,,X,
inhabits,,X,
inherit,X,,
inherited,X,,
inheriting,X,,
inherits,X,,
inhibit,,X,
inhibited,,X,
inhibiting,,X,
inhibits,,X,
initiate,,X,
initiated,,X,
initiates,,X,
initiating,,X,
inject,X,,
injected,X,,
injecting,X,,
injects,X,,
injure,X,,
injured,X,,
injures,X,,
injuring,X,,
innovate,,X,
innovated,,X,
innovates,,X,
innovating,,X,
input,,X,
inputs,,X,
inputted,,X,
inputting,,X,
inquire,,X,
inquired,,X,
inquires,,X,
inquiring,,X,
insert,,X,
inserted,,X,
inserting,,X,
inserts,,X,
insinuate,,X,
insinuated,,X,
insinuates,,X,
insinuating,,X,
insist,,X,
insisted,,X,
insisting,,X,
insists,,X,
inspect,,X,
inspected,,X,
inspecting,,X,
inspects,,X,
inspire,,X,
inspired,,X,
inspires,,,X
inspiring,,,X
install,,X,
installed,,X,
installing,,X,
installs,,X,
instill,,X,
instilling,,X,
instills,,X,
institute,,X,
instituted,,X,
institutes,,X,
instituting,,X,
instruct,,X,
instructed,,X,
instructing,,X,
instructs,,X,
insult,,X,
insulted,,X,
insulting,,X,
insults,,X,
insure,,X,
insured,,X,
insures,,X,
insuring,,X,
integrate,,X,
integrated,,X,
integrates,,X,
integrating,,X,
intend,,X,
intended,,X,
intending,,X,
intends,,X,
intensified,,X,
intensifies,,X,
intensify,,X,
intensifying,,X,
interact,,X,
interacted,,X,
interacting,,X,
interacts,,X,
interest,,,X
interested,,X,
interesting,,,X
interests,,,X
interfere,,X,
interfered,,X,
interferes,,X,
interfering,,X,
intern,,X,
interned,,X,
interning,,X,
interns,,X,
interpret,,X,
interpreted,,X,
interprets,,X,
interpretting,,X,
interrupt,,X,
interrupted,,X,
interrupting,,X,
interrupts,,X,
intertwine,,X,
intertwined,,X,
intertwines,,X,
intertwining,,X,
intervene,,X,
intervened,,X,
intervenes,,X,
intervening,,X,
interview,,X,
interviewed,,X,
interviewing,,X,
interviews,,X,
intimidate,,,X
intimidated,,,X
intimidates,,,X
intimidating,,,X
intoxicate,,X,
intoxicated,,X,
intoxicates,,X,
intoxicating,,X,
intrigue,,X,
intrigued,,X,
intrigues,,X,
introduce,,X,
introduced,X,,
introduces,,X,
introducing,,X,
intrude,,X,
intruded,,X,
intrudes,,X,
intruding,,X,
inundate,,X,
inundated,,X,
inundates,,X,
invade,,X,
invaded,,X,
invades,,X,
invading,,X,
invent,,X,
invented,,X,
inventing,,X,
invents,,X,
invest,,X,
invested,,X,
investigate,,X,
investigated,,X,
investigates,,X,
investigating,,X,
investing,,X,
invests,,X,
invite,,X,
invited,X,,
invites,,X,
inviting,,X,
involve,,X,
involved,,X,
involves,,X,
involving,,X,
irk,,X,
irked,,X,
irking,,X,
irks,,X,
iron,X,,
ironed,X,,
ironing,X,,
irons,X,,
irritate,,,X
irritated,,,X
irritates,,,X
irritating,,,X
isolate,,X,
isolated,,X,
isolates,,X,
isolating,,X,
issue,,X,
issued,,X,
issues,,X,
issuing,,X,
itch,X,,
itched,X,,
itches,X,,
itching,X,,
jab,X,,
jabbed,X,,
jabbing,X,,
jabs,X,,
jail,X,,
jailed,X,,
jailing,X,,
jails,X,,
jam,,X,
jammed,,X,
jamming,,X,
jams,,X,
jar,,X,
jarred,,X,
jarring,,X,
jars,,X,
jeopardize,,X,
jeopardized,,X,
jeopardizes,,X,
jeopardizing,,X,
jerk,,X,
jerked,,X,
jerking,,X,
jerks,,X,
jest,,X,
jested,,X,
jesting,,X,
jests,,X,
jog,X,,
jogged,X,,
jogging,X,,
jogs,X,,
join,,,X
joined,,,X
joining,,X,
joins,,X,
joke,X,,
joked,X,,
jokes,X,,
joking,X,,
journey,,X,
journeyed,,X,
journeying,,X,
journeys,,X,
judge,,X,
judged,,X,
judges,,X,
judging,,X,
juggle,X,,
juggled,X,,
juggles,X,,
juggling,X,,
jump,X,,
jumped,X,,
jumping,X,,
jumps,X,,
justified,,X,
justifies,,X,
justify,,X,
justifying,,X,
keep,,X,
keeping,,X,
keeps,,X,
kept,,X,
kick,,X,
kicked,,X,
kicking,,X,
kicks,X,,
kid,,X,
kidding,,X,
kidnap,,X,
kidnapped,,X,
kidnapping,,X,
kidnaps,,X,
kids,,X,
kill,X,,
killed,X,,
killing,X,,
kills,X,,
kiss,X,,
kissed,X,,
kisses,X,,
kissing,X,,
kneel,X,,
kneeled,X,,
kneeling,X,,
kneels,X,,
knelt,X,,
knew,,X,
knife,X,,
knifed,X,,
knifes,X,,
knifing,X,,
knit,X,,
knits,X,,
knitted,X,,
knitting,X,,
knock,X,,
knocked,,,X
knocking,X,,
knocks,X,,
knot,X,,
knots,X,,
knotted,X,,
knotting,X,,
know,,,X
knowing,,X,
known,,X,
knows,,X,
label,X,,
labeled,X,,
labeling,X,,
labels,X,,
labor,,X,
labored,,X,
laboring,,X,
labors,,X,
lack,,X,
lacked,,X,
lacking,,X,
lacks,,X,
lag,,X,
lagged,,X,
lagging,,X,
lags,,X,
laid,,,X
land,X,,
landed,X,,
landing,X,,
lands,X,,
last,,X,
lasted,,X,
lasting,,X,
lasts,,X,
laugh,,,X
laughed,,,X
laughing,,,X
laughs,,,X
launch,X,,
launched,X,,
launches,X,,
launching,X,,
lay,,,X
laying,,,X
lays,,,X
lead,,X,
leaded,,X,
leading,,X,
leads,,X,
league,,X,
leagues,,X,
leak,,X,
leaked,,X,
leaking,,X,
leaks,,X,
lean,,,X
leaned,,,X
leaning,,,X
leans,,,X
leap,X,,
leaped,X,,
leaping,X,,
leapt,X,,
learn,,X,
learned,,X,
learning,,X,
learns,,X,
learnt,,X,
leave,X,,
leaves,X,,
leaving,X,,
lecture,X,,
lectured,X,,
lectures,X,,
lecturing,X,,
led,,X,
left,X,,
lend,,X,
lending,,X,
lends,,X,
lent,,X,
lept,X,,
let,,X,
lets,,X,
letter,X,,
lettered,X,,
lettering,X,,
letters,X,,
letting,,X,
level,X,,
leveled,X,,
leveling,X,,
levels,X,,
liberate,,X,
liberated,,X,
liberates,,X,
liberating,,X,
license,,X,
licensed,,X,
licenses,,X,
licensing,,X,
lick,X,,
licked,X,,
licking,X,,
licks,X,,
lied,X,,
lies,X,,
lift,X,,
lifted,X,,
lifting,X,,
lifts,X,,
light,X,,
lighted,X,,
lighten,,X,
lightened,,X,
lightening,,X,
lightens,,X,
lighting,X,,
like,,,X
liked,,,X
likes,,,X
liking,,,X
limit,,X,
limited,,X,
limiting,,X,
limits,,X,
line,X,,
lined,,X,
lines,X,,
linger,,X,
lingered,,X,
lingering,,X,
lingers,,X,
lining,X,,
link,,X,
linked,,X,
linking,,X,
links,,X,
liquidate,,X,
liquidated,,X,
liquidates,,X,
liquidating,,X,
list,X,,
listed,X,,
listen,X,,
listened,X,,
listening,X,,
listens,X,,
listing,X,,
lists,X,,
lives,X,,
living,X,,
load,X,,
loaded,X,,
loading,X,,
loads,X,,
loan,X,,
loaned,X,,
loaning,X,,
loans,X,,
locate,,X,
located,,X,
locates,,X,
locating,,X,
lock,X,,
locked,X,,
locking,X,,
locks,X,,
long,,,X
longed,,,X
longing,,,X
longs,,,X
looking,X,,
looks,X,,
loom,,X,
loomed,,X,
looming,,X,
looms,,X,
loose,X,,
loosed,X,,
looses,X,,
loosing,X,,
lose,X,,
loses,,X,
losing,,X,
lost,X,,
loves,,,X
loving,,,X
lower,X,,
lowered,X,,
lowering,X,,
lowers,X,,
lure,,X,
lured,,X,
lures,,X,
luring,,X,
lurk,,X,
lurked,,X,
lurking,,X,
lurks,,X,
lying,X,,
made,,X,
magnified,,X,
magnifies,,X,
magnify,,X,
magnifying,,X,
mail,X,,
mailed,X,,
mailing,X,,
mails,X,,
maintain,,X,
maintained,,X,
maintaining,,X,
maintains,,X,
major,,X,
majored,,X,
majoring,,X,
majors,,X,
make,,X,
makes,,X,
making,,X,
man,,X,
manage,,X,
managed,,X,
manages,,X,
managing,,X,
maneuver,,X,
maneuvered,,X,
maneuvering,,X,
maneuvers,,X,
manipulate,,X,
manipulated,,X,
manipulates,,X,
manipulating,,X,
manned,,X,
manning,,X,
manufacture,,X,
manufactured,,X,
manufactures,,X,
manufacturing,,X,
march,X,,
marched,X,,
marches,X,,
marching,X,,
mark,X,,
marked,,,X
marking,X,,
marks,X,,
married,X,,
marries,X,,
marry,X,,
marrying,X,,
marvel,,X,
marveled,,X,
marveling,,X,
marvels,,X,
mass,X,,
massacre,,X,
massacred,,X,
massacres,,X,
massacring,,X,
massed,X,,
masses,X,,
massing,X,,
master,,X,
mastered,,X,
mastering,,X,
masters,,X,
match,,X,
matched,,X,
matches,,X,
matching,,X,
mate,X,,
mated,X,,
mates,X,,
mating,X,,
matter,,X,
mattered,,,X
mattering,,,X
matters,,,X
mature,,X,
matured,,,X
matures,,,X
maturing,,,X
maximize,,X,
maximized,,X,
maximizes,,X,
maximizing,,X,
mean,,X,
meaning,,X,
means,,X,
meant,,X,
measure,,X,
measured,,X,
measures,,X,
measuring,,X,
meddle,,X,
meddled,,X,
meddles,,X,
meddling,,X,
mediate,,X,
mediated,,X,
mediates,,X,
mediating,,X,
meet,,,X
meeting,X,,
meets,X,,
melt,X,,
melted,X,,
melting,X,,
melts,X,,
memorize,,X,
memorized,,X,
memorizes,,X,
memorizing,,X,
mend,,X,
mended,,X,
mending,,X,
mends,,X,
mention,X,,
mentioned,,X,
mentioning,X,,
mentions,X,,
merit,,X,
merited,,X,
meriting,,X,
merits,,X,
mesh,,X,
meshed,,X,
meshes,,X,
meshing,,X,
mess,,X,
messed,,X,
messes,,X,
messing,,X,
met,,,X
might,,,X
milk,X,,
milked,X,,
milking,X,,
milks,X,,
mill,,X,
milled,,X,
milling,,X,
mills,,X,
mind,,X,
minded,,X,
minding,,X,
minds,,X,
mine,X,,
mined,X,,
mines,X,,
mingle,,X,
mingled,,X,
mingles,,X,
mingling,,X,
minimize,,X,
minimized,,X,
minimizes,,X,
minimizing,,X,
mining,X,,
minister,,X,
ministered,,X,
ministering,,X,
ministers,,X,
misbehave,,X,
misbehaved,,X,
misbehaves,,X,
misbehaving,,X,
mishandle,,X,
mishandled,,X,
mishandles,,X,
mishandling,,X,
misinform,,X,
misinformed,,X,
misinforming,,X,
misinforms,,X,
mislaid,,X,
mislay,,X,
mislaying,,X,
mislays,,X,
mislead,,X,
misleading,,X,
misleads,,X,
misled,,X,
misrepresent,,X,
miss,,X,
missed,,X,
misses,,,X
missing,,,X
misspeak,,X,
misspeaking,,X,
misspeaks,,X,
misspend,X,,
misspending,X,,
misspends,X,,
misspent,X,,
misspoke,,X,
misspoken,,X,
mistake,,X,
mistaken,,X,
mistakes,,X,
mistook,,X,
mistrust,,X,
mistrusted,,X,
mistrusting,,X,
mistrusts,,X,
misunderstand,,,X
misunderstanding,,,X
misunderstands,,,X
misunderstood,,,X
mitigate,,X,
mitigated,,X,
mitigates,,X,
mitigating,,X,
mix,,X,
mixed,,X,
mixes,,X,
mixing,,X,
moan,X,,
moaned,X,,
moaning,X,,
moans,X,,
mobilize,,X,
mobilized,,X,
mobilizes,,X,
mobilizing,,X,
mock,,X,
mocked,,X,
mocking,,X,
mocks,,X,
moderate,,X,
moderated,,X,
moderates,,X,
moderating,,X,
modified,,X,
modifies,,X,
modify,,X,
modifying,,X,
mold,,X,
molded,,X,
molding,,X,
molds,,X,
molest,,X,
molested,,X,
molesting,,X,
molests,,X,
molten,X,,
monitor,,X,
monitored,,X,
monitoring,,X,
monitors,,X,
moor,X,,
moored,X,,
mooring,X,,
moors,X,,
mortgage,,X,
mortgaged,,X,
mortgages,,X,
mortified,,X,
mortifies,,X,
mortify,,X,
mortifying,,X,
motivate,,X,
motivated,,X,
motivates,,X,
motivating,,X,
mount,,X,
mounted,,X,
mounting,,X,
mounts,,X,
mourn,,,X
mourned,,,X
mourning,,,X
mourns,,,X
mouth,X,,
mouthed,X,,
mouthing,X,,
mouths,X,,
move,X,,
moved,X,,
moves,X,,
moving,X,,
mow,X,,
mowed,X,,
mowing,X,,
mown,X,,
mows,X,,
muddle,,X,
muddled,,X,
muddles,,X,
muddling,,X,
muffle,,X,
muffled,,X,
muffles,,X,
muffling,,X,
mug,X,,
mugged,X,,
mugging,X,,
mugs,X,,
multiplied,,X,
multiplies,,X,
multiply,,X,
multiplying,,X,
mumble,X,,
mumbled,X,,
mumbles,X,,
mumbling,X,,
murder,X,,
murdered,X,,
murdering,X,,
murders,X,,
murmur,X,,
murmured,X,,
murmuring,X,,
murmurs,X,,
must,,,X
muster,,X,
mustered,,X,
mustering,,X,
musters,,X,
mutter,X,,
muttered,X,,
muttering,X,,
mutters,X,,
nag,,X,
nagged,,X,
nagging,,X,
nags,,X,
nail,X,,
nailed,X,,
nailing,X,,
nails,X,,
name,X,,
named,X,,
names,X,,
naming,X,,
nap,X,,
napped,X,,
napping,X,,
naps,X,,
navigate,,X,
navigated,,X,
navigates,,X,
navigating,,X,
near,,X,
neared,,X,
nearing,,X,
nears,,X,
necessitate,,X,
need,,,X
needed,,,X
needing,,,X
needle,X,,
needled,X,,
needles,X,,
needling,X,,
needs,,,X
negate,,X,
negated,,X,
negates,,X,
negating,,X,
neglect,,X,
neglected,,X,
neglecting,,X,
neglects,,X,
negotiate,,X,
negotiated,,X,
negotiates,,X,
negotiating,,X,
nest,X,,
nested,X,,
nesting,X,,
nests,X,,
neutralize,,X,
neutralized,,X,
neutralizes,,X,
neutralizing,,X,
nibble,X,,
nibbled,X,,
nibbles,X,,
nibbling,X,,
nix,,X,
nixed,,X,
nixes,,X,
nixing,,X,
nod,X,,
nodded,X,,
nodding,X,,
nods,X,,
nominate,X,,
nominated,X,,
nominates,X,,
nominating,X,,
note,,X,
noted,,X,
notes,,X,
notice,,X,
noticed,,X,
notices,,X,
noticing,,X,
noting,,X,
nourish,,X,
nourished,,X,
nourishes,,X,
nourishing,,X,
nullified,,X,
nullifies,,X,
nullify,,X,
nullifying,,X,
number,X,,
numbered,X,,
numbering,X,,
numbers,X,,
nurse,,X,
nursed,,X,
nurses,,X,
nursing,,X,
nurture,,X,
nurtured,,X,
nurtures,,X,
nurturing,,X,
obey,,X,
obeyed,,X,
obeying,,X,
obeys,,X,
object,,X,
objected,,X,
objecting,,X,
objects,,X,
obligate,,X,
obligated,,X,
obligates,,X,
obligating,,X,
oblige,,,X
obliged,,,X
obliges,,,X
obliging,,,X
obliterate,,X,
obliterated,,X,
obliterates,,X,
obliterating,,X,
observe,,X,
observed,,X,
observes,,X,
observing,,X,
obsess,,,X
obsessed,,,X
obsesses,,,X
obsessing,,,X
obstruct,,X,
obstructed,,X,
obstructing,,X,
obstructs,,X,
obtain,,X,
obtained,,X,
obtaining,,X,
obtains,,X,
occupy,,X,
occur,,X,
occurred,,X,
occurring,,X,
occurs,,X,
offend,,,X
offended,,,X
offending,,,X
offends,,,X
offer,,X,
offered,,X,
offering,,X,
offers,,X,
offset,,X,
offsets,,X,
offsetting,,X,
omit,,X,
omits,,X,
omitted,,X,
omitting,,X,
open,X,,
opened,X,,
opening,,X,
opens,,X,
operate,X,,
operated,X,,
operates,X,,
operating,X,,
oppose,,X,
opposed,,X,
opposes,,X,
opposing,,X,
oppress,,X,
oppressed,,X,
oppresses,,X,
oppressing,,X,
order,,X,
ordered,,X,
ordering,,X,
orders,,X,
organize,,X,
organizes,,X,
organizing,,X,
orient,,X,
oriented,,X,
orienting,,X,
orients,,X,
originate,,X,
originated,,X,
originates,,X,
originating,,X,
ornament,X,,
ornamented,X,,
ornamenting,X,,
ornaments,X,,
ostracize,,,X
ostracized,,,X
ostracizes,,,X
ostracizing,,,X
ought,,,X
oust,,X,
ousted,,X,
ousting,,X,
ousts,,X,
outfit,X,,
outfits,X,,
outfitting,X,,
outline,,X,
outlined,,X,
outlines,,X,
outlining,,X,
outlive,X,,
outlived,X,,
outlives,X,,
outliving,X,,
output,,X,
outputs,,X,
outputting,,X,
outran,X,,
outrun,X,,
outrunning,X,,
outruns,X,,
outwit,,X,
outwits,,X,
outwitted,,X,
outwitting,,X,
overcame,,X,
overcomes,,X,
overcoming,,X,
overflow,,X,
overflowed,,X,
overflowing,,X,
overflows,,X,
overhaul,,X,
overhauled,,X,
overhauling,,X,
overhauls,,X,
overjoyed,,,X
overlook,,X,
overlooked,,X,
overlooking,,X,
overlooks,,X,
overpower,,X,
overpowered,,X,
overpowering,,X,
overpowers,,X,
overran,X,,
overrun,X,,
overrunning,X,,
overruns,X,,
overthrew,X,,
overthrow,X,,
overthrowing,X,,
overthrows,X,,
overturn,X,,
overturned,X,,
overturning,X,,
overturns,X,,
overwhelm,,,X
overwhelming,,,X
overwhelms,,,X
owe,,X,
owed,,X,
owes,,X,
owing,,X,
own,X,,
owned,X,,
owning,,X,
owns,,X,
pace,X,,
paced,X,,
paces,X,,
pacing,X,,
pack,X,,
packed,X,,
packing,X,,
packs,X,,
paddle,X,,
paddled,X,,
paddles,X,,
paddling,X,,
page,X,,
paged,X,,
pages,X,,
paging,X,,
paid,X,,
pain,,,X
pained,,,X
paining,,,X
pains,,,X
paint,X,,
painted,X,,
painting,X,,
paints,X,,
pair,,X,
paired,,X,
pairing,,X,
pairs,,X,
pamper,,X,
pampered,,X,
pampering,,X,
pampers,,X,
pan,X,,
panic,,,X
panicked,,,X
panicking,,,X
panics,,,X
panned,X,,
panning,X,,
pans,X,,
parachute,X,,
parachuted,X,,
parachutes,X,,
parachuting,X,,
parade,X,,
paraded,X,,
parades,X,,
parading,X,,
paralyze,,X,
paralyzed,,X,
paralyzes,,X,
paralyzing,,X,
pardon,X,,
pardoned,X,,
pardoning,X,,
pardons,X,,
parent,,X,
parented,,X,
parenting,,X,
parents,,X,
park,X,,
parked,X,,
parking,X,,
parks,X,,
part,,X,
partake,,X,
partakes,,X,
partaking,,X,
parted,,X,
participate,X,,
participated,,X,
participates,,X,
participating,,X,
partied,,X,
parties,,X,
parting,,X,
partition,,X,
partitioned,,X,
partitioning,,X,
partitions,,X,
parts,,X,
party,,X,
partying,,X,
pass,X,,
passed,X,,
passes,,X,
passing,,X,
paste,X,,
pasted,X,,
pastes,X,,
pasting,X,,
pat,X,,
patch,X,,
patched,X,,
patches,X,,
patching,X,,
patrol,,X,
patrolled,,X,
patrolling,,X,
patrols,,X,
patronize,,,X
patronized,,,X
patronizes,,,X
patronizing,,,X
pats,X,,
patted,X,,
patting,X,,
pause,,X,
paused,,X,
pauses,,X,
pausing,,X,
pay,X,,
paying,X,,
pays,X,,
peak,X,,
peaked,X,,
peaking,X,,
peaks,X,,
peck,X,,
pecked,X,,
pecking,X,,
pecks,X,,
pedal,X,,
pedaled,X,,
pedaling,X,,
pedals,X,,
peel,X,,
peeled,X,,
peeling,X,,
peels,X,,
peep,X,,
peeped,X,,
peeping,X,,
peeps,X,,
pen,X,,
pend,,X,
pended,,X,
pending,,X,
pends,,X,
penetrate,X,,
penetrated,X,,
penetrates,X,,
penetrating,X,,
penned,X,,
penning,X,,
pens,X,,
people,X,,
peopled,X,,
peoples,X,,
peopling,X,,
perceives,,X,
perceiving,,X,
perfect,,X,
perfected,,X,
perfecting,,X,
perfects,,X,
perform,X,,
performed,X,,
performing,,X,
performs,,X,
perish,,X,
perished,,X,
perishes,,X,
perishing,,X,
permit,,X,
permits,,X,
permitted,,X,
permitting,,X,
perpetuate,,X,
perpetuated,,X,
perpetuates,,X,
perpetuating,,X,
perplex,,,X
perplexed,,,X
perplexes,,,X
perplexing,,,X
persecute,,X,
persecuted,,X,
persecutes,,X,
persecuting,,X,
persevere,,X,
persevered,,X,
perseveres,,X,
persevering,,X,
persist,,X,
persisted,,X,
persisting,,X,
persists,,X,
persuade,,X,
persuaded,,X,
persuades,,X,
persuading,,X,
pertain,,X,
pertained,,X,
pertaining,,X,
pertains,,X,
perturb,,,X
perturbed,,,X
perturbing,,,X
perturbs,,,X
pet,X,,
petition,,X,
petitioned,,X,
petitioning,,X,
petitions,,X,
pets,X,,
petted,X,,
petting,X,,
phone,X,,
phoned,X,,
phones,X,,
phoning,X,,
photograph,X,,
photographed,X,,
photographing,X,,
photographs,X,,
pick,X,,
picked,X,,
picking,X,,
picks,X,,
picture,,X,
pictured,,X,
pictures,,X,
picturing,,X,
piece,X,,
pieced,X,,
pieces,X,,
piecing,X,,
pile,X,,
piled,X,,
piles,X,,
piling,X,,
pin,X,,
pinch,X,,
pinched,X,,
pinches,X,,
pinching,X,,
pine,,,X
pines,,,X
pinned,,,X
pinning,,,X
pins,X,,
piss,,,X
pissed,,,X
pisses,,,X
pissing,,,X
pit,X,,
pitch,X,,
pitched,X,,
pitches,X,,
pitching,X,,
pits,X,,
pitted,X,,
pitting,X,,
placate,,X,
placated,,X,
placates,,X,
placating,,X,
place,X,,
placed,X,,
places,,X,
placing,,X,
plague,,X,
plagued,,X,
plagues,,X,
plaguing,,X,
plan,,X,
plane,X,,
planed,X,,
planes,X,,
planing,X,,
planned,,X,
planning,,X,
plans,,X,
plant,X,,
planted,X,,
planting,X,,
plants,X,,
play,X,,
played,X,,
playing,X,,
plays,X,,
plead,X,,
pleaded,X,,
pleading,X,,
pleads,X,,
please,,,X
pleased,,,X
pleases,,,X
pleasing,,,X
pled,X,,
pledge,,X,
pledged,,X,
pledges,,X,
pledging,,X,
plod,X,,
plodded,X,,
plodding,X,,
plods,X,,
plot,,X,
plots,,X,
plotted,,X,
plotting,,X,
plow,X,,
plowed,X,,
plowing,X,,
plows,X,,
plug,X,,
plugged,X,,
plugging,X,,
plugs,X,,
plunge,X,,
plunged,X,,
plunges,X,,
plunging,X,,
point,X,,
pointed,X,,
pointing,X,,
points,X,,
poise,,X,
poised,,X,
poises,,X,
poising,,X,
poke,X,,
poked,X,,
pokes,X,,
poking,X,,
polish,X,,
polished,X,,
polishes,X,,
polishing,X,,
pollute,,X,
polluted,,X,
pollutes,,X,
polluting,,X,
ponder,,,X
pondered,,,X
pondering,,,X
ponders,,,X
pool,,X,
pooled,,X,
pooling,,X,
pools,,X,
pop,X,,
popped,X,,
popping,X,,
pops,X,,
populate,X,,
populated,X,,
populates,X,,
populating,X,,
portray,,X,
portrayed,,X,
portraying,,X,
portrays,,X,
pose,X,,
posed,X,,
poses,X,,
posing,X,,
posses,X,,
possess,X,,
possessed,X,,
possesses,,X,
possessing,,X,
post,,X,
posted,X,,
posting,,X,
postpone,,X,
postponed,,X,
postpones,,X,
postponing,,X,
posts,,X,
pound,X,,
pounded,X,,
pounding,X,,
pounds,X,,
pour,X,,
poured,X,,
pouring,X,,
pours,X,,
practice,,X,
practiced,,X,
practices,,X,
practicing,,X,
praise,,,X
praised,,,X
praises,,,X
praising,,,X
prance,X,,
pranced,X,,
prances,X,,
prancing,X,,
pray,X,,
prayed,X,,
praying,X,,
prays,X,,
preach,X,,
preached,X,,
preaches,X,,
preaching,X,,
precede,,X,
preceded,,X,
precedes,,X,
preceding,,X,
precipitate,,X,
precipitated,,X,
precipitates,,X,
precipitating,,X,
preconceive,,X,
preconceived,,X,
preconceives,,X,
preconceiving,,X,
predict,,X,
predicted,,X,
predicting,,X,
predicts,,X,
prefer,,,X
preferred,,,X
preferring,,,X
prefers,,,X
preoccupied,,X,
preoccupies,,X,
preoccupy,,X,
preoccupying,,X,
prepaid,X,,
prepare,,X,
prepared,,X,
prepares,,X,
preparing,,X,
prepay,X,,
prepaying,X,,
presell,,X,
preselling,,X,
presells,,X,
present,,X,
presented,,X,
presenting,,X,
presents,,X,
preserve,,X,
preserved,,X,
preserves,,X,
preserving,,X,
preside,,X,
presided,,X,
presides,,X,
presiding,,X,
presold,,X,
press,X,,
pressed,X,,
presses,X,,
pressing,X,,
pressure,,X,
pressured,,X,
pressures,,X,
pressuring,,X,
presume,,X,
presumed,,X,
presumes,,X,
presuming,,X,
pretend,,X,
pretended,,X,
pretending,,X,
pretends,,X,
prevail,,X,
prevailed,,X,
prevailing,,X,
prevails,,X,
prevent,,X,
prevented,,X,
preventing,,X,
prevents,,X,
prick,X,,
pricked,X,,
pricking,X,,
pricks,X,,
pried,X,,
pries,X,,
print,X,,
printed,X,,
printing,X,,
prints,X,,
prioritize,,X,
prioritized,,X,
prioritizes,,X,
prioritizing,,X,
proceed,,X,
proceeded,,X,
proceeding,,X,
proceeds,,X,
process,,X,
processed,,X,
processes,,X,
processing,,X,
proclaim,,X,
proclaimed,,X,
proclaiming,,X,
proclaims,,X,
procrastinate,,X,
procrastinated,,X,
procrastinates,,X,
procrastinating,,X,
procure,,X,
procured,,X,
procures,,X,
procuring,,X,
prod,,X,
prodded,,X,
prodding,,X,
prods,,X,
produce,,X,
produced,,X,
produces,,X,
producing,,X,
profess,,X,
professed,,X,
professes,,X,
professing,,X,
profit,,X,
profited,,X,
profiting,,X,
profits,,X,
program,,X,
programmed,,X,
programming,,X,
programs,,X,
progress,,X,
progresses,,X,
progressing,,X,
prohibit,,X,
prohibited,,X,
prohibiting,,X,
prohibits,,X,
project,X,,
projected,X,,
projecting,X,,
projects,X,,
prolong,,X,
prolonged,,X,
prolonging,,X,
prolongs,,X,
promise,,X,
promised,,X,
promises,,X,
promising,,X,
promote,,X,
promoted,,X,
promotes,,X,
promoting,,X,
prompt,,X,
prompted,,X,
prompting,,X,
prompts,,X,
pronounce,X,,
pronounced,X,,
pronounces,X,,
pronouncing,X,,
proofread,X,,
proofreading,X,,
proofreads,X,,
propose,,X,
proposed,,X,
proposes,,X,
proposing,,X,
prosecute,,X,
prosecuted,,X,
prosecutes,,X,
prosecuting,,X,
prosper,,X,
prospered,,X,
prospering,,X,
prospers,,X,
protect,,X,
protected,,X,
protecting,,X,
protects,,X,
protest,,X,
protested,,X,
protesting,,X,
protests,,X,
prove,,X,
proved,,X,
proven,,X,
proves,,X,
provide,,X,
provided,,X,
provides,,X,
providing,,X,
proving,,X,
provoke,,X,
provoked,,X,
provokes,,X,
provoking,,X,
prowl,X,,
prowled,X,,
prowling,X,,
prowls,X,,
pry,X,,
prying,X,,
psych,,X,
psyched,,X,
psyches,,X,
psyching,,X,
publish,,X,
published,,X,
publishes,,X,
publishing,,X,
pull,X,,
pulled,X,,
pulling,X,,
pulls,X,,
pump,X,,
pumped,X,,
pumping,X,,
pumps,X,,
punch,X,,
punched,X,,
punches,X,,
punching,X,,
puncture,X,,
punctured,X,,
punctures,X,,
puncturing,X,,
punish,,X,
punished,,X,
punishes,,X,
punishing,,X,
purchase,X,,
purchases,X,,
purchasing,X,,
purified,,X,
purifies,,X,
purify,,X,
purifying,,X,
purr,X,,
purred,X,,
purring,X,,
purrs,X,,
pursue,,X,
pursues,,X,
pursuing,,X,
push,X,,
pushed,X,,
pushes,X,,
pushing,X,,
put,X,,
puts,X,,
putting,X,,
puzzle,,X,
puzzled,,X,
puzzles,,X,
puzzling,,X,
qualified,,X,
qualifies,,X,
qualify,,X,
qualifying,,X,
quarrel,X,,
quarreled,X,,
quarreling,X,,
quarrels,X,,
quarter,X,,
quartered,X,,
quartering,X,,
quarters,X,,
quench,,X,
quenched,,X,
quenches,,X,
quenching,,X,
questioned,X,,
questioning,,X,
queue,,X,
queued,,X,
queues,,X,
queuing,,X,
quicken,X,,
quickened,X,,
quickening,X,,
quickens,X,,
quiet,X,,
quieted,X,,
quieting,X,,
quiets,X,,
quits,,X,
quitting,,X,
quote,X,,
quoted,X,,
quoting,X,,
race,X,,
raced,X,,
races,X,,
racing,X,,
radiate,X,,
radiated,X,,
radiates,X,,
radiating,X,,
rage,,X,
raged,,X,
rages,,X,
raging,,X,
raid,,X,
raided,,X,
raiding,,X,
raids,,X,
rain,X,,
rained,X,,
raining,X,,
rains,X,,
raise,,X,
raised,X,,
raises,,X,
raising,,X,
rake,X,,
raked,X,,
rakes,X,,
raking,X,,
rallied,,X,
rallies,,X,
rally,,X,
rallying,,X,
ramble,X,,
rambled,X,,
rambles,X,,
rambling,X,,
ran,X,,
rang,X,,
range,,X,
ranged,,X,
ranges,,X,
ranging,,X,
rank,,X,
ranking,,X,
ranks,,X,
rant,X,,
ranted,X,,
ranting,X,,
rants,X,,
rate,,X,
rated,,X,
rates,,X,
rating,,X,
rave,X,,
raved,X,,
raves,X,,
raving,X,,
reach,X,,
reached,X,,
reaches,X,,
reaching,X,,
reacted,X,,
reacting,X,,
reacts,X,,
read,X,,
reading,X,,
reads,X,,
realize,,X,
realized,,X,
realizes,,X,
realizing,,X,
reap,X,,
reaped,X,,
reaping,X,,
reaps,X,,
rear,X,,
reared,X,,
rearing,X,,
rears,X,,
reason,,X,
reasoned,,X,
reasoning,,X,
reasons,,X,
reassure,,,X
reassured,,,X
reassures,,,X
reassuring,,,X
rebel,,X,
rebelled,,X,
rebelling,,X,
rebels,,X,
rebuild,X,,
rebuilding,X,,
rebuilds,X,,
rebuilt,X,,
recalled,,X,
recalling,,X,
recalls,,X,
recede,,X,
receded,,X,
recedes,,X,
receding,,X,
receive,,X,
received,,X,
receives,,X,
receiving,,X,
recite,X,,
recited,X,,
recites,X,,
reciting,X,,
recognize,,X,
recognized,,X,
recognizes,,X,
recognizing,,X,
recommend,,X,
recommended,,X,
recommending,,X,
recommends,,X,
record,,X,
recorded,,X,
recording,,X,
records,,X,
recover,,X,
recovering,,X,
recovers,,X,
recruit,,X,
recruited,,X,
recruiting,,X,
recruits,,X,
redeem,,X,
redeemed,,X,
redeeming,,X,
redeems,,X,
reduce,,X,
reduced,,X,
reduces,,X,
reducing,,X,
reevaluate,,X,
reevaluated,,X,
reevaluates,,X,
reevaluating,,X,
refer,,X,
referred,,X,
referring,,X,
refers,,X,
reflect,,X,
reflected,,X,
reflecting,,X,
reflects,,X,
refund,,X,
refunded,,X,
refunding,,X,
refunds,,X,
refuse,X,,
refused,,X,
refuses,,X,
refusing,,X,
regain,,X,
regained,,X,
regaining,,X,
regains,,X,
regard,,,X
regarded,,,X
regarding,,,X
regards,,,X
register,,X,
registered,,X,
registering,,X,
registers,,X,
regret,,,X
regrets,,,X
regretted,,,X
regretting,,,X
reign,,X,
reigning,,X,
reigns,,X,
reined,,X,
reinforce,,X,
reinforced,,X,
reinforces,,X,
reinforcing,,X,
reject,,,X
rejected,,,X
rejecting,,,X
rejects,,,X
rejoice,,,X
rejoiced,,,X
rejoices,,,X
rejoicing,,,X
relate,,X,
related,,X,
relates,,X,
relating,,X,
relax,,,X
relaxed,,,X
relaxes,,,X
relaxing,,,X
release,,X,
released,,X,
releases,,X,
releasing,,X,
relied,,,X
relies,,,X
relieve,,,X
relieved,,,X
relieves,,,X
relieving,,,X
relinquish,X,,
relinquished,X,,
relinquishing,X,,
relish,,,X
relished,,,X
relishes,,,X
relishing,,,X
relive,,X,
rely,,X,
relying,,X,
remain,X,,
remained,X,,
remaining,,X,
remains,,X,
remark,X,,
remarked,X,,
remarking,X,,
remarks,X,,
remember,X,,
remembered,X,,
remembering,,X,
remembers,,X,
remind,,X,
reminded,,X,
reminding,,X,
reminds,,X,
reminisce,,X,
reminisced,,X,
reminisces,,X,
reminiscing,,X,
remove,,X,
removed,X,,
removes,,X,
removing,,X,
render,,X,
rendered,,X,
rendering,,X,
renders,,X,
renew,,X,
renewed,,X,
renewing,,X,
renews,,X,
rent,X,,
rented,X,,
renting,X,,
rents,X,,
repaid,X,,
repair,,X,
repaired,,X,
repairing,,X,
repairs,,X,
repay,X,,
repaying,X,,
repays,X,,
repeat,,X,
repeated,X,,
repeating,,X,
repeats,,X,
replace,,X,
replaced,,X,
replaces,,X,
replacing,,X,
replenish,,X,
replenished,,X,
replenishes,,X,
replenishing,,X,
replied,,X,
replies,,X,
reply,,X,
replying,,X,
report,,X,
reported,,X,
reporting,,X,
reports,,X,
represent,,X,
represented,,X,
representing,,X,
represents,,X,
reproduce,,X,
reproduced,,X,
reproduces,,X,
reproducing,,X,
request,,X,
requested,,X,
requesting,,X,
requests,,X,
require,,X,
required,,X,
requires,,X,
requiring,,X,
rescue,,X,
rescued,,X,
rescues,,X,
rescuing,,X,
research,,X,
researched,,X,
researches,,X,
researching,,X,
resemble,,X,
resembled,,X,
resembles,,X,
resembling,,X,
resent,,,X
resented,,,X
resenting,,,X
resents,,,X
reserve,,X,
reserved,,X,
reserves,,X,
reserving,,X,
reside,,X,
resided,,X,
resides,,X,
residing,,X,
resign,X,,
resigned,X,,
resigning,X,,
resigns,X,,
resist,,X,
resisted,,X,
resisting,,X,
resists,,X,
resolve,,X,
resolved,,X,
resolves,,X,
resolving,,X,
respect,,,X
respecting,,,X
respects,,,X
responded,X,,
responding,X,,
responds,X,,
rest,X,,
rested,X,,
resting,X,,
restore,,X,
restored,,X,
restores,,X,
restoring,,X,
restrain,X,,
restrained,X,,
restraining,X,,
restrains,X,,
restrict,,X,
restricted,,X,
restricting,,X,
restricts,,X,
rests,X,,
result,,X,
resulted,,X,
resulting,,X,
results,,X,
resume,,X,
resumed,,X,
resumes,,X,
resuming,,X,
retain,,X,
retained,,X,
retaining,,X,
retains,,X,
retire,,X,
retired,,X,
retires,,X,
retiring,,X,
retreat,X,,
retreated,X,,
retreating,X,,
retreats,X,,
return,X,,
returned,X,,
returning,X,,
returns,X,,
reunite,X,,
reunited,X,,
reunites,X,,
reuniting,X,,
reveal,,X,
revealed,,X,
revealing,,X,
reveals,,X,
reverse,,X,
reversed,,X,
reverses,,X,
reversing,,X,
review,X,,
reviewed,X,,
reviewing,X,,
reviews,X,,
revise,,X,
revised,,X,
revises,,X,
revising,,X,
revolve,X,,
revolved,X,,
revolves,X,,
revolving,X,,
reward,,X,
rewarded,,X,
rewarding,,X,
rewards,,X,
rhyme,X,,
rhymed,X,,
rhymes,X,,
rhyming,X,,
rid,,X,
ridded,,X,
ridden,X,,
ridding,,X,
ride,X,,
rides,X,,
ridicule,,X,
ridiculed,,X,
ridicules,,X,
ridiculing,,X,
riding,X,,
rids,,X,
right,,X,
rights,,X,
ring,X,,
ringing,X,,
rings,X,,
rinse,X,,
rinsed,X,,
rinses,X,,
rinsing,X,,
rip,X,,
ripped,X,,
ripping,X,,
rips,X,,
rise,X,,
risen,X,,
rises,X,,
rising,X,,
risk,X,,
risked,X,,
risking,X,,
risks,X,,
roar,X,,
roared,X,,
roaring,X,,
roars,X,,
rob,X,,
robbed,X,,
robbing,X,,
robs,X,,
rock,X,,
rocked,X,,
rocking,X,,
rocks,X,,
rode,X,,
roll,X,,
rolled,X,,
rolling,X,,
rolls,X,,
roof,X,,
roofed,X,,
roofing,X,,
roofs,X,,
room,X,,
roomed,X,,
rooming,X,,
rooms,X,,
root,X,,
rooted,X,,
rooting,X,,
roots,X,,
rope,X,,
roped,X,,
ropes,X,,
roping,X,,
rose,X,,
rot,X,,
rots,X,,
rotted,X,,
rotting,X,,
rough,X,,
roughed,X,,
roughing,X,,
roughs,X,,
round,,X,
rounded,,X,
rounding,,X,
rounds,,X,
row,X,,
rowed,X,,
rowing,X,,
rows,X,,
rub,X,,
rubbed,X,,
rubbing,X,,
rubs,X,,
ruin,,X,
ruined,,X,
ruining,,X,
ruins,,X,
rule,,X,
ruled,,X,
rules,,X,
ruling,,X,
run,X,,
rung,X,,
running,X,,
runs,X,,
rupture,X,,
ruptured,X,,
ruptures,X,,
rupturing,X,,
rush,X,,
rushed,X,,
rushes,X,,
rushing,X,,
sack,,X,
sacked,,X,
sacking,,X,
sacks,,X,
sacrifice,,X,
sacrifices,,X,
sacrificing,,X,
sadden,,,X
saddened,,,X
saddening,,,X
saddens,,,X
said,X,,
sail,X,,
sailed,X,,
sailing,X,,
sails,X,,
sample,,X,
sampled,,X,
samples,,X,
sampling,,X,
sang,X,,
sank,X,,
sat,X,,
satisfied,,,X
satisfies,,,X
satisfy,,,X
satisfying,,,X
save,,X,
saved,,X,
saves,,X,
saving,,X,
savor,,,X
savored,,,X
savoring,,,X
savors,,,X
saw,X,,
sawed,X,,
sawing,X,,
sawn,X,,
saws,X,,
say,X,,
saying,X,,
says,X,,
scale,X,,
scaled,X,,
scales,X,,
scaling,X,,
scan,X,,
scanned,X,,
scanning,X,,
scans,X,,
scar,X,,
scare,,,X
scared,X,,
scares,,,X
scaring,,,X
scarred,X,,
scarring,X,,
scars,X,,
scatter,X,,
scattered,X,,
scattering,X,,
scatters,X,,
schedule,X,,
scheduled,X,,
schedules,X,,
scheduling,X,,
school,,X,
schooled,,X,
schooling,,X,
schools,,X,
scold,X,,
scolded,X,,
scolding,X,,
scolds,X,,
scorch,X,,
scorched,X,,
scorches,X,,
scorching,X,,
score,X,,
scored,X,,
scores,X,,
scoring,X,,
scout,,X,
scouted,,X,
scouting,,X,
scouts,,X,
scrape,X,,
scraped,X,,
scrapes,X,,
scraping,X,,
scratch,X,,
scratched,X,,
scratches,X,,
scratching,X,,
scrawl,X,,
scrawled,X,,
scrawling,X,,
scrawls,X,,
scream,X,,
screamed,X,,
screaming,X,,
screams,X,,
screech,X,,
screeched,X,,
screeches,X,,
screeching,X,,
screw,X,,
screwed,X,,
screwing,X,,
screws,X,,
scribble,X,,
scribbled,X,,
scribbles,X,,
scribbling,X,,
scrub,X,,
scrubbed,X,,
scrubbing,X,,
scrubs,X,,
sculpture,X,,
sculptured,X,,
sculptures,X,,
sculpturing,X,,
seal,X,,
sealed,X,,
sealing,X,,
seals,X,,
search,,X,
searched,,X,
searches,,X,
searching,,X,
seat,X,,
seated,X,,
seating,X,,
seats,X,,
second,,X,
seconds,,X,
secure,,X,
secured,,X,
secures,,X,
securing,,X,
seduce,,X,
seduced,,X,
seduces,,X,
seducing,,X,
see,X,,
seeing,X,,
seek,,X,
seeking,,X,
seeks,,X,
seem,,,X
seemed,,,X
seeming,,X,
seems,,X,
seen,X,,
sees,X,,
seize,,X,
seized,,X,
seizes,,X,
seizing,,X,
select,X,,
selected,X,,
selecting,X,,
selects,X,,
sell,X,,
selling,X,,
sells,X,,
send,X,,
sending,,X,
sends,,X,
sense,,X,
sensed,,X,
senses,,X,
sensing,,X,
sent,X,,
sentence,X,,
sentenced,X,,
sentences,X,,
sentencing,X,,
separate,,X,
separated,,X,
separates,,X,
separating,,X,
serve,,X,
served,,X,
serves,,X,
service,,X,
serviced,,X,
services,,X,
servicing,,X,
serving,,X,
sets,X,,
setting,X,,
settle,,X,
settled,,X,
settles,,X,
settling,,X,
sew,X,,
sewed,X,,
sewing,X,,
sewn,X,,
shade,X,,
shaded,X,,
shades,X,,
shading,X,,
shadow,,X,
shadowed,,X,
shadowing,,X,
shadows,,X,
shake,X,,
shaken,X,,
shakes,X,,
shaking,X,,
shame,,,X
shamed,,,X
shames,,,X
shaming,,,X
shape,X,,
shaped,,X,
shapes,,X,
shaping,,X,
share,,X,
shared,X,,
shares,,X,
sharing,,X,
sharpen,X,,
sharpened,X,,
sharpening,X,,
sharpens,X,,
shatter,X,,
shattered,X,,
shattering,X,,
shatters,X,,
shave,X,,
shaved,X,,
shaves,X,,
shaving,X,,
shear,X,,
sheared,X,,
shearing,X,,
shears,X,,
shedding,X,,
sheds,X,,
shell,X,,
shelled,X,,
shelling,X,,
shells,X,,
shelter,,X,
sheltered,,X,
sheltering,,X,
shelters,,X,
shift,X,,
shifted,X,,
shifting,X,,
shifts,X,,
shine,X,,
shined,X,,
shines,X,,
shining,X,,
ship,X,,
shipped,X,,
shipping,X,,
ships,X,,
shiver,X,,
shivered,X,,
shivering,X,,
shivers,X,,
shock,,,X
shocked,,,X
shocking,,,X
shocks,,,X
shod,X,,
shoe,X,,
shoeing,X,,
shoes,X,,
shone,X,,
shook,X,,
shoot,X,,
shooting,X,,
shoots,X,,
shop,X,,
shopped,X,,
shopping,X,,
shops,X,,
shorn,X,,
shorten,X,,
shortened,X,,
shortening,X,,
shortens,X,,
shot,X,,
should,,,X
shout,X,,
shouted,X,,
shouting,X,,
shouts,X,,
shove,X,,
shoved,X,,
shoves,X,,
shoving,X,,
show,X,,
showed,X,,
shower,X,,
showered,X,,
showering,X,,
showers,X,,
showing,X,,
shown,,X,
shows,X,,
shrank,X,,
shred,X,,
shredded,X,,
shredding,X,,
shreds,X,,
shrink,X,,
shrinking,X,,
shrinks,X,,
shrug,X,,
shrugged,X,,
shrugging,X,,
shrugs,X,,
shrunk,X,,
shrunken,X,,
shut,X,,
shuts,X,,
shutting,X,,
side,X,,
sided,X,,
sides,X,,
siding,X,,
sigh,,,X
sighed,,,X
sighing,,,X
sighs,,,X
sight,X,,
sighted,X,,
sighting,X,,
sights,X,,
sign,X,,
signal,,X,
signaled,,X,
signaling,,X,
signals,,X,
signed,X,,
signing,X,,
signs,X,,
simplified,,X,
simplifies,,X,
simplify,,X,
simplifying,,X,
sin,,X,
sing,X,,
singing,X,,
single,,X,
singled,,X,
singles,,X,
singling,,X,
sings,X,,
sink,X,,
sinking,X,,
sinks,X,,
sinned,,X,
sinning,,X,
sins,,X,
sip,X,,
sipped,X,,
sipping,X,,
sips,X,,
sit,X,,
sits,X,,
sitting,X,,
situated,,X,
size,X,,
sized,X,,
sizes,X,,
sizing,X,,
skepticize,,,X
skepticized,,,X
skepticizes,,,X
skepticizing,,,X
ski,X,,
skied,X,,
skies,X,,
skiing,X,,
skin,X,,
skinned,X,,
skinning,X,,
skins,X,,
skip,X,,
skipped,X,,
skipping,X,,
skips,X,,
skis,X,,
slack,,X,
slacked,,X,
slacking,,X,
slacks,,X,
slain,X,,
slam,X,,
slammed,X,,
slamming,X,,
slams,X,,
slap,X,,
slapped,X,,
slapping,X,,
slaps,X,,
slash,X,,
slashed,X,,
slashes,X,,
slashing,X,,
slay,X,,
slaying,X,,
slays,X,,
sleep,X,,
sleeping,X,,
sleeps,X,,
slept,X,,
slew,X,,
slid,X,,
slide,X,,
slides,X,,
sliding,X,,
slight,,,X
slighted,,,X
slighting,,,X
slights,,,X
sling,X,,
slinging,X,,
slings,X,,
slink,X,,
slinking,X,,
slinks,X,,
slip,X,,
slipped,X,,
slipping,X,,
slips,X,,
slit,X,,
slits,X,,
slitting,X,,
slow,,X,
slowed,,X,
slowing,,X,
slows,,X,
slump,X,,
slumped,X,,
slumping,X,,
slumps,X,,
slung,X,,
slunk,X,,
slurp,X,,
slurped,X,,
slurping,X,,
slurps,X,,
smash,X,,
smashed,X,,
smashes,X,,
smashing,X,,
smell,X,,
smelled,X,,
smelling,X,,
smells,X,,
smelt,X,,
smile,X,,
smiled,X,,
smiles,X,,
smiling,X,,
smite,,X,
smites,,X,
smiting,,X,
smitten,,X,
smoke,X,,
smoked,X,,
smokes,X,,
smoking,X,,
smooth,,X,
smoothed,,X,
smoothes,,X,
smoothing,,X,
smote,,X,
snap,X,,
snapped,X,,
snapping,X,,
snaps,X,,
snatch,X,,
snatched,X,,
snatches,X,,
snatching,X,,
sneak,X,,
sneaked,X,,
sneaking,X,,
sneaks,X,,
sneeze,X,,
sneezed,X,,
sneezes,X,,
sneezing,X,,
sniff,X,,
sniffed,X,,
sniffing,X,,
sniffs,X,,
snore,X,,
snored,X,,
snores,X,,
snoring,X,,
snow,X,,
snowed,X,,
snowing,X,,
snows,X,,
soak,X,,
soaked,X,,
soaking,X,,
soaks,X,,
soar,X,,
soared,X,,
soaring,X,,
soars,X,,
sob,X,,
sobbed,X,,
sobbing,X,,
sobs,X,,
socialize,,X,
socialized,,X,
socializes,,X,
socializing,,X,
soften,,X,
softened,,X,
softening,,X,
softens,,X,
sold,X,,
solve,,X,
solved,,X,
solves,,X,
solving,,X,
soothe,,X,
soothed,,X,
soothes,,X,
soothing,,X,
sort,,X,
sorted,,X,
sorting,,X,
sorts,,X,
sought,,X,
sound,X,,
sounded,X,,
sounding,X,,
sounds,X,,
sow,X,,
sowed,X,,
sowing,X,,
sown,X,,
sows,X,,
spank,X,,
spanked,X,,
spanking,X,,
spanks,X,,
spare,,X,
spared,,X,
spares,,X,
sparing,,X,
spark,,X,
sparked,,X,
sparking,,X,
sparkle,X,,
sparkled,X,,
sparkles,X,,
sparkling,X,,
sparks,,X,
spat,X,,
speak,X,,
speaking,X,,
speaks,X,,
spear,X,,
speared,X,,
spearing,X,,
spears,X,,
speculate,,X,
speculated,,X,
speculates,,X,
speculating,,X,
sped,X,,
speed,X,,
speeded,X,,
speeding,X,,
speeds,X,,
spell,,X,
spelled,X,,
spelling,,X,
spells,,X,
spelt,,X,
spend,X,,
spending,X,,
spends,X,,
spent,X,,
spill,X,,
spilled,X,,
spilling,X,,
spills,X,,
spilt,X,,
spin,X,,
spinning,X,,
spins,X,,
spit,X,,
spits,X,,
spitting,X,,
split,X,,
splits,X,,
splitting,X,,
spoil,X,,
spoiled,X,,
spoiling,X,,
spoils,X,,
spoke,X,,
spoken,X,,
sponsor,,X,
sponsored,,X,
sponsoring,,X,
sponsors,,X,
spot,X,,
spots,X,,
spotted,X,,
spotting,X,,
sprang,X,,
spray,X,,
sprayed,X,,
spraying,X,,
sprays,X,,
spreading,X,,
spreads,X,,
spring,X,,
springing,X,,
springs,X,,
sprout,X,,
sprouted,X,,
sprouting,X,,
sprouts,X,,
sprung,X,,
spun,X,,
squash,X,,
squashed,X,,
squashes,X,,
squashing,X,,
squat,X,,
squats,X,,
squatted,X,,
squatting,X,,
squeak,X,,
squeaked,X,,
squeaking,X,,
squeaks,X,,
squeal,X,,
squealed,X,,
squealing,X,,
squeals,X,,
squeeze,X,,
squeezed,X,,
squeezes,X,,
squeezing,X,,
squirm,X,,
squirmed,X,,
squirming,X,,
squirms,X,,
stab,X,,
stabbed,X,,
stabbing,X,,
stabs,X,,
stack,X,,
stacked,X,,
stacking,X,,
stacks,X,,
stage,,X,
staged,,X,
stages,,X,
staging,,X,
stain,X,,
stained,X,,
staining,X,,
stains,X,,
stammer,X,,
stammered,X,,
stammering,X,,
stammers,X,,
stamp,X,,
stamped,X,,
stamping,X,,
stamps,X,,
stand,X,,
standing,X,,
stands,X,,
stank,X,,
star,,X,
stare,X,,
stared,X,,
stares,X,,
staring,X,,
starred,,X,
starring,,X,
stars,,X,
start,X,,
started,X,,
starting,,X,
startle,,X,
startled,,X,
startles,,X,
startling,,X,
starts,,X,
starve,,X,
starved,,X,
starves,,X,
starving,,X,
state,,X,
stated,X,,
states,,X,
stating,,X,
stay,,X,
stayed,,X,
staying,,X,
stays,,X,
steal,X,,
stealing,X,,
steals,X,,
steam,X,,
steamed,X,,
steaming,X,,
steams,X,,
steer,X,,
steered,X,,
steering,X,,
steers,X,,
stem,,X,
stemmed,,X,
stemming,,X,
stems,,X,
step,X,,
stepped,X,,
stepping,X,,
steps,X,,
stick,X,,
sticking,X,,
sticks,X,,
stimulate,,X,
stimulated,,X,
stimulates,,X,
stimulating,,X,
sting,X,,
stings,X,,
stink,X,,
stinking,X,,
stinks,X,,
stir,X,,
stirred,X,,
stirring,X,,
stirs,X,,
stitch,X,,
stitched,X,,
stitches,X,,
stitching,X,,
stole,X,,
stolen,X,,
stone,X,,
stoned,X,,
stones,X,,
stoning,X,,
stood,X,,
stop,X,,
stopped,X,,
stopping,,X,
stops,,X,
store,,X,
stored,,X,
stores,,X,
storing,,X,
storm,X,,
stormed,X,,
storming,X,,
storms,X,,
strangle,X,,
strangled,X,,
strangles,X,,
strangling,X,,
strap,X,,
strapped,X,,
strapping,X,,
straps,X,,
stream,X,,
streamed,X,,
streaming,X,,
streams,X,,
strengthen,,X,
strengthened,,X,
strengthening,,X,
strengthens,,X,
stresses,,X,
stressing,,X,
stretch,X,,
stretched,X,,
stretches,X,,
stretching,X,,
stricken,X,,
stridden,X,,
stride,X,,
strides,X,,
striding,X,,
strike,X,,
strikes,X,,
striking,X,,
string,X,,
stringing,X,,
strings,X,,
strip,,X,
stripped,,X,
stripping,,X,
strips,,X,
strive,,X,
striven,,X,
strives,,X,
striving,,X,
strode,X,,
stroke,X,,
stroked,X,,
strokes,X,,
stroking,X,,
stroll,X,,
strolled,X,,
strolling,X,,
strolls,X,,
strove,,X,
struck,X,,
struggle,,,X
struggled,,,X
struggles,,,X
struggling,,,X
strung,X,,
stuck,X,,
studied,,X,
studies,,X,
study,,X,
studying,,X,
stuff,,X,
stuffed,,X,
stuffing,,X,
stuffs,,X,
stumble,X,,
stumbled,X,,
stumbles,X,,
stumbling,X,,
stun,,,X
stung,X,,
stunk,X,,
stunned,,,X
stunning,,,X
stuns,,,X
subject,,X,
subjected,,X,
subjecting,,X,
subjects,,X,
submit,X,,
submits,X,,
submitted,X,,
submitting,X,,
subscribe,,X,
subscribed,,X,
subscribes,,X,
subscribing,,X,
subtract,X,,
subtracted,X,,
subtracting,X,,
subtracts,X,,
succeed,,X,
succeeded,,X,
succeeding,,X,
succeeds,,X,
succumb,,X,
succumbed,,X,
succumbing,,X,
succumbs,,X,
suck,X,,
sucked,X,,
sucking,X,,
sucks,X,,
suffer,,,X
suffered,,,X
suffering,,,X
suffers,,,X
suggest,,X,
suggested,,X,
suggesting,,X,
suggests,,X,
suit,X,,
suited,X,,
suiting,X,,
suits,X,,
sum,X,,
summed,X,,
summing,X,,
sums,X,,
sung,X,,
sunk,X,,
supervise,,X,
supervised,,X,
supervises,,X,
supervising,,X,
supplied,,X,
supplies,,X,
supply,,X,
supplying,,X,
support,,X,
supported,,X,
supporting,,X,
supports,,X,
suppose,,,X
supposed,,,X
supposes,,,X
supposing,,,X
suppress,,X,
suppressed,,X,
suppresses,,X,
suppressing,,X,
surface,X,,
surfaced,X,,
surfaces,X,,
surfacing,X,,
surpass,,X,
surpassed,,X,
surpasses,,X,
surpassing,,X,
surprise,,X,
surprised,,X,
surprises,,X,
surprising,,X,
surrender,X,,
surrendered,X,,
surrendering,X,,
surrenders,X,,
surround,X,,
surrounded,X,,
surrounding,X,,
surrounds,X,,
survey,X,,
surveyed,X,,
surveying,X,,
surveys,X,,
survive,,X,
survived,,X,
survives,,X,
surviving,,X,
suspect,,,X
suspected,,,X
suspecting,,,X
suspects,,,X
suspend,,X,
suspended,,X,
suspending,,X,
suspends,,X,
sustain,,X,
sustained,,X,
sustaining,,X,
sustains,,X,
swallow,X,,
swallowed,X,,
swallowing,X,,
swallows,X,,
swam,X,,
swear,X,,
swearing,X,,
swears,X,,
sweat,X,,
sweated,X,,
sweating,X,,
sweats,X,,
sweep,X,,
sweeping,X,,
sweeps,X,,
swell,X,,
swelled,X,,
swelling,X,,
swept,X,,
swig,X,,
swigged,X,,
swigging,X,,
swigs,X,,
swim,X,,
swimming,X,,
swims,X,,
swing,X,,
swinging,X,,
swings,X,,
swipe,X,,
swiped,X,,
swipes,X,,
swiping,X,,
switch,,X,
switched,,X,
switches,,X,
switching,,X,
swollen,X,,
swore,X,,
sworn,X,,
swum,X,,
swung,X,,
tackle,X,,
tackled,X,,
tackles,X,,
tackling,X,,
tail,X,,
tailed,X,,
tailing,X,,
tailor,X,,
tailored,X,,
tailoring,X,,
tailors,X,,
tails,X,,
take,X,,
taken,X,,
takes,X,,
taking,X,,
talk,X,,
talked,X,,
talking,X,,
talks,X,,
tame,,X,
tamed,,X,
tames,,X,
taming,,X,
tamper,,X,
tampered,,X,
tampering,,X,
tampers,,X,
tap,X,,
tapped,X,,
tapping,X,,
taps,X,,
taste,X,,
tasted,X,,
tastes,X,,
tasting,X,,
taught,,X,
taunt,,X,
taunted,,X,
taunting,,X,
taunts,,X,
tax,X,,
taxed,X,,
taxes,X,,
taxing,X,,
teach,,X,
teaches,,X,
teaching,,X,
tear,X,,
tearing,X,,
tears,X,,
tease,,X,
teased,,X,
teases,,X,
teasing,,X,
telephone,X,,
telephoned,X,,
telephones,X,,
telephoning,X,,
tell,X,,
telling,X,,
tells,X,,
tempt,,X,
tempted,,X,
tempting,,X,
tempts,,X,
tend,,,X
tended,,X,
tending,,X,
tends,,X,
terrified,,,X
terrifies,,,X
terrify,,,X
terrifying,,,X
test,,X,
tested,,X,
testing,,X,
tests,,X,
thank,X,,
thanked,X,,
thanking,X,,
thanks,X,,
thaw,X,,
thawed,X,,
thawing,X,,
thaws,X,,
think,,,X
thinking,,,X
thinks,,,X
thought,,,X
threaten,,,X
threatening,,,X
threatens,,,X
threw,X,,
thrill,,,X
thrilled,,,X
thrilling,,,X
thrills,,,X
thrived,,X,
thrives,,X,
thriving,,X,
throw,X,,
throwing,X,,
thrown,X,,
throws,X,,
thrust,X,,
thrusting,X,,
thrusts,X,,
tick,X,,
ticked,X,,
ticking,X,,
tickle,X,,
tickled,X,,
tickles,X,,
tickling,X,,
ticks,X,,
tie,X,,
tied,X,,
ties,X,,
time,X,,
timed,X,,
times,X,,
timing,X,,
tip,,X,
tipped,,X,
tipping,,X,
tips,,X,
tire,X,,
tired,X,,
tires,X,,
tiring,X,,
told,X,,
tolerate,,,X
tolerated,,,X
tolerates,,,X
tolerating,,,X
took,X,,
tore,X,,
torn,X,,
tortured,,X,
tortures,,X,
torturing,,X,
toss,X,,
tossed,X,,
tosses,X,,
tossing,X,,
total,X,,
totalled,X,,
totalling,X,,
totals,X,,
touch,X,,
touched,X,,
touches,X,,
touching,X,,
tour,X,,
toured,X,,
touring,X,,
tours,X,,
tow,X,,
towed,X,,
towing,X,,
tows,X,,
trace,,X,
traced,,X,
traces,,X,
tracing,,X,
trade,,X,
traded,,X,
trades,,X,
trading,,X,
train,X,,
trained,X,,
training,X,,
trains,X,,
transcend,,X,
transcended,,X,
transcending,,X,
transcends,,X,
transfer,,X,
transferred,,X,
transferring,,X,
transfers,,X,
transform,,X,
transforming,,X,
transforms,,X,
translate,,X,
translated,,X,
translates,,X,
translating,,X,
transport,X,,
transported,X,,
transporting,X,,
transports,X,,
trap,,X,
trapped,,X,
trapping,,X,
traps,,X,
travel,X,,
traveled,X,,
traveling,X,,
travelled,X,,
travelling,X,,
travels,X,,
tread,X,,
treading,X,,
treads,X,,
treasure,,,X
treasured,,,X
treasures,,,X
treasuring,,,X
treat,,X,
treated,,X,
treating,,X,
treats,,X,
tremble,X,,
trembled,X,,
trembles,X,,
trembling,X,,
trick,,X,
tricked,,X,
tricking,,X,
tricks,,X,
tried,,X,
tries,,X,
trip,X,,
tripped,X,,
tripping,X,,
trips,X,,
trod,X,,
trodden,X,,
trot,X,,
trots,X,,
trotted,X,,
trotting,X,,
trouble,,,X
troubled,,,X
troubles,,,X
troubling,,,X
trust,,,X
trusted,,,X
trusting,,,X
trusts,,,X
try,,X,
trying,,X,
tug,X,,
tugged,X,,
tugging,X,,
tugs,X,,
tumble,X,,
tumbled,X,,
tumbles,X,,
tumbling,X,,
turn,X,,
turned,X,,
turning,X,,
turns,X,,
tutor,,X,
tutored,,X,
tutoring,,X,
tutors,,X,
twist,X,,
twisted,X,,
twisting,X,,
twists,X,,
tying,X,,
type,X,,
typed,X,,
types,X,,
typing,X,,
undergo,,X,
undergoes,,X,
undergoing,,X,
undergone,,X,
undermine,,X,
undermined,,X,
undermines,,X,
undermining,,X,
understand,,,X
understanding,,,X
understands,,,X
understood,,,X
undertake,,X,
undertakes,,X,
undertaking,,X,
undertook,,X,
underwent,,X,
undid,,X,
undo,,X,
undoing,,X,
undone,,X,
undress,X,,
undressed,X,,
undresses,X,,
undressing,X,,
unfasten,X,,
unfastened,X,,
unfastening,X,,
unfastens,X,,
unfold,X,,
unfolded,X,,
unfolding,X,,
unfolds,X,,
unite,,X,
united,,X,
unites,,X,
uniting,,X,
unleash,X,,
unleashed,X,,
unleashes,X,,
unleashing,X,,
unlock,X,,
unlocked,X,,
unlocking,X,,
unlocks,X,,
unpack,X,,
unpacked,X,,
unpacking,X,,
unpacks,X,,
untie,X,,
untied,X,,
unties,X,,
untying,X,,
unwaver,,X,
unwavered,,X,
unwavering,,X,
unwavers,,X,
upgrade,,X,
upgraded,,X,
upgrades,,X,
upgrading,,X,
upheld,,X,
uphold,,X,
upholding,,X,
upholds,,X,
uplift,,,X
uplifted,,,X
uplifting,,,X
uplifts,,,X
upsets,,,X
upsetting,,,X
urge,,,X
urged,,,X
urges,,,X
urging,,,X
urinate,X,,
urinated,X,,
urinates,X,,
urinating,X,,
use,X,,
used,X,,
uses,,X,
using,,X,
utilize,X,,
utilized,X,,
utilizes,X,,
utilizing,X,,
utter,X,,
uttered,X,,
uttering,X,,
utters,X,,
vacillate,,X,
vacillated,,X,
vacillates,,X,
vacillating,,X,
vacuum,X,,
vacuumed,X,,
vacuuming,X,,
vacuums,X,,
valued,,,X
values,,,X
valuing,,,X
vanish,X,,
vanished,X,,
vanishes,X,,
vanishing,X,,
varied,,X,
varies,,X,
vary,,X,
varying,,X,
vent,,X,
vented,,X,
venting,,X,
vents,,X,
venture,,X,
ventured,,X,
ventures,,X,
venturing,,X,
verified,X,,
verifies,X,,
verify,X,,
verifying,X,,
veto,X,,
vetoed,X,,
vetoes,X,,
vetoing,X,,
viewing,X,,
views,X,,
violate,,,X
violated,,,X
violates,,,X
violating,,,X
visit,,X,
visited,,X,
visiting,,X,
visits,,X,
visualize,,X,
visualized,,X,
visualizes,,X,
visualizing,,X,
voice,X,,
voiced,X,,
voices,X,,
voicing,X,,
volunteer,,X,
volunteering,,X,
volunteers,,X,
vomit,X,,
vomited,X,,
vomiting,X,,
vomits,X,,
vote,X,,
voted,X,,
votes,X,,
voting,X,,
vow,,X,
vowed,,X,
vowing,,X,
vows,,X,
wade,X,,
waded,X,,
wades,X,,
wading,X,,
wage,,X,
waged,,X,
wages,,X,
waging,,X,
wail,X,,
wailed,X,,
wailing,X,,
wails,X,,
wait,X,,
waited,X,,
waiting,,X,
waits,,X,
wake,X,,
wakes,X,,
waking,X,,
walk,X,,
walked,X,,
walking,X,,
walks,X,,
wander,X,,
wandered,X,,
wandering,X,,
wanders,X,,
wanna,,,X
want,,,X
wanted,,,X
wanting,,,X
wants,,,X
warm,,X,
warmed,,X,
warming,,X,
warms,,X,
warn,X,,
warned,X,,
warning,X,,
warns,X,,
warp,,X,
warped,,X,
warping,,X,
warps,,X,
wash,X,,
washed,X,,
washes,X,,
washing,X,,
waste,,X,
wasted,,X,
wastes,,X,
wasting,,X,
watch,X,,
watched,X,,
watches,X,,
watching,X,,
water,X,,
watered,X,,
watering,X,,
waters,X,,
wave,X,,
waved,X,,
waver,X,,
wavered,X,,
wavering,X,,
wavers,X,,
waves,X,,
waving,X,,
wear,X,,
wearing,X,,
wears,X,,
weave,X,,
weaves,X,,
weaving,X,,
wed,X,,
wedded,X,,
wedding,X,,
weds,X,,
weep,X,,
weeping,X,,
weeps,X,,
weigh,X,,
weighed,X,,
weighing,X,,
weighs,X,,
welcome,,X,
welcomed,,X,
welcomes,,X,
welcoming,,X,
went,X,,
wept,X,,
wet,X,,
wets,X,,
wetted,X,,
wetting,X,,
whimper,X,,
whimpered,X,,
whimpering,X,,
whimpers,X,,
whine,X,,
whined,X,,
whines,X,,
whining,X,,
whip,X,,
whipped,X,,
whipping,X,,
whips,X,,
whirl,X,,
whirled,X,,
whirling,X,,
whirls,X,,
whisper,X,,
whispered,X,,
whispering,X,,
whispers,X,,
whistle,X,,
whistled,X,,
whistles,X,,
whistling,X,,
widen,X,,
widened,X,,
widening,X,,
widens,X,,
will,,X,
willed,,X,
willing,,X,
wills,,X,
wilt,,X,
wilted,,X,
wilting,,X,
wilts,,X,
win,,X,
wince,X,,
winced,X,,
winces,X,,
wincing,X,,
wind,X,,
winding,X,,
winds,X,,
wink,X,,
winked,X,,
winking,X,,
winks,X,,
winning,,X,
wins,,X,
wipe,X,,
wiped,X,,
wipes,X,,
wiping,X,,
wire,,X,
wired,,X,
wires,,X,
wiring,,X,
wish,,,X
wished,,,X
wishes,,,X
wishing,,,X
withdraw,,X,
withdrawing,,X,
withdrawn,,X,
withdraws,,X,
withdrew,,X,
withheld,,X,
withhold,,X,
withholding,,X,
withholds,,X,
withstand,,X,
withstanding,,X,
withstands,,X,
withstood,,X,
witness,X,,
witnesses,X,,
witnessing,X,,
wobble,X,,
wobbled,X,,
wobbles,X,,
wobbling,X,,
woke,X,,
woken,X,,
won,,X,
won't,,,X
wonder,,,X
wondered,,,X
wondering,,,X
wonders,,,X
word,X,,
worded,X,,
wording,X,,
words,X,,
wore,X,,
work,X,,
worked,X,,
working,,X,
works,,X,
worn,X,,
worried,,,X
worries,,,X
worry,,,X
worrying,,,X
worship,,,X
worshipped,,,X
worshipping,,,X
worships,,,X
wound,X,,
wounded,X,,
wounding,X,,
wounds,X,,
wove,X,,
woven,X,,
wow,,,X
wrap,,X,
wrapped,X,,
wrapping,,X,
wraps,,X,
wreck,,X,
wrecked,,X,
wrecking,,X,
wrecks,,X,
wrestle,X,,
wrestled,X,,
wrestles,X,,
wrestling,X,,
wriggle,X,,
wriggled,X,,
wriggles,X,,
wriggling,X,,
wring,X,,
wringing,X,,
wrings,X,,
write,X,,
writes,X,,
writing,X,,
written,X,,
wrote,X,,
wrung,X,,
yawn,X,,
yawned,X,,
yawning,X,,
yawns,X,,
yearn,,,X
yearned,,,X
yearning,,,X
yearns,,,X
yell,X,,
yelled,X,,
yelling,X,,
yells,X,,
yelp,X,,
yelped,X,,
yelping,X,,
yelps,X,,
yield,,X,
yielded,,X,
yielding,,X,
yields,,X,
zip,X,,
zipped,X,,
zipping,X,,
zips,X,,
zoom,X,,
zoomed,X,,
zooming,X,,
zooms,X,,
